/*
SQLyog Community v12.14 (64 bit)
MySQL - 5.6.21 : Database - mustadev_cake
*********************************************************************
*/


/*!40101 SET NAMES utf8 */;

/*!40101 SET SQL_MODE=''*/;

/*!40014 SET @OLD_UNIQUE_CHECKS=@@UNIQUE_CHECKS, UNIQUE_CHECKS=0 */;
/*!40014 SET @OLD_FOREIGN_KEY_CHECKS=@@FOREIGN_KEY_CHECKS, FOREIGN_KEY_CHECKS=0 */;
/*!40101 SET @OLD_SQL_MODE=@@SQL_MODE, SQL_MODE='NO_AUTO_VALUE_ON_ZERO' */;
/*!40111 SET @OLD_SQL_NOTES=@@SQL_NOTES, SQL_NOTES=0 */;
USE `mustadev_cake`;

/*Table structure for table `bankdeets` */

DROP TABLE IF EXISTS `bankdeets`;

CREATE TABLE `bankdeets` (
  `id` int(11) NOT NULL AUTO_INCREMENT,
  `user_id` int(11) NOT NULL,
  `acc_num` int(11) NOT NULL,
  `acc_name` varchar(255) NOT NULL,
  `acceptaud` tinyint(1) DEFAULT '0',
  `address1` varchar(255) NOT NULL,
  `address2` varchar(255) DEFAULT NULL,
  `bsb` int(11) NOT NULL,
  `postcode` int(11) NOT NULL,
  `state` varchar(5) NOT NULL,
  `suburb` varchar(255) NOT NULL,
  PRIMARY KEY (`id`)
) ENGINE=InnoDB AUTO_INCREMENT=20 DEFAULT CHARSET=latin1;

/*Data for the table `bankdeets` */

insert  into `bankdeets`(`id`,`user_id`,`acc_num`,`acc_name`,`acceptaud`,`address1`,`address2`,`bsb`,`postcode`,`state`,`suburb`) values 

(1,66,12345678,'Bank account',1,'123','',123456,4104,'qld','persia'),

(2,68,777777,'kjnoij',1,'hh','hh',999999,6666,'qld','yy'),

(3,69,777777,'h',1,'yhh','hh',777777,77,'nt','yy'),

(4,70,88888,'kjb',1,'ojno','',888888,888,'nsw','kjnoi'),

(5,104,12321231,'Craig Nicol',1,'90 Staghorn St','',312321,4051,'qld','Enoggera'),

(6,107,1241241241,'Craig Nicol',1,'90 Staghorn St','',312312,4051,'qld','Enoggera'),

(7,108,1231241241,'Craig Nicol',1,'90 Staghorn St','',123123,4051,'qld','Enoggera'),

(8,110,123123123,'Craig Nicol',1,'90 Staghorn St','',123123,4051,'qld','Enoggera'),

(9,111,2,'e',1,'33','',222222,22,'nsw','ee'),

(10,115,23123123,'criag',1,'124124','1241',123232,4051,'qld','124124'),

(11,116,123456,'fake',1,'97 Boundary Street','',123456,4100,'qld','Brisbane'),

(12,124,123,'asdf',1,'home','home',123456,1234,'qld','Brisbane'),

(13,127,12124124,'Craig Nicol',1,'90 Staghorn St','',123141,4051,'qld','Enoggera'),

(14,128,2147483647,'Reiss Hovell',1,'Place','',989098,2019,'nt','Darwin'),

(15,129,11241241,'Craig Nicol',1,'90 Staghorn St','',241241,4051,'qld','Enoggera'),

(16,133,2147483647,'Lyall Bauer',1,'97 boundary street','',233422,4101,'qld','brisbane'),

(17,135,-223344,'Ash Ketchum',1,'Pokemon Stadium','',708789,4000,'qld','Kohto'),

(18,136,123456,'Main',1,'164 Nyleta Street','',123456,4101,'qld','Coopers Plain'),

(19,140,2147483647,'Test Account',1,'97 boundary street','',323334,4169,'qld','brisbane');

/*Table structure for table `bc_bookings` */

DROP TABLE IF EXISTS `bc_bookings`;

CREATE TABLE `bc_bookings` (
  `id` int(11) NOT NULL AUTO_INCREMENT,
  `session_id` int(11) NOT NULL,
  `user` int(11) NOT NULL,
  `to_user` int(11) NOT NULL,
  `date` date NOT NULL,
  `datestamp` timestamp NOT NULL DEFAULT CURRENT_TIMESTAMP ON UPDATE CURRENT_TIMESTAMP,
  PRIMARY KEY (`id`)
) ENGINE=InnoDB DEFAULT CHARSET=latin1;

/*Data for the table `bc_bookings` */

/*Table structure for table `bc_boughtsessions` */

DROP TABLE IF EXISTS `bc_boughtsessions`;

CREATE TABLE `bc_boughtsessions` (
  `id` int(11) NOT NULL AUTO_INCREMENT,
  `user` int(11) NOT NULL,
  `to_user` int(11) NOT NULL,
  `amount` int(11) NOT NULL,
  `payment_id` int(11) NOT NULL,
  PRIMARY KEY (`id`)
) ENGINE=InnoDB DEFAULT CHARSET=latin1;

/*Data for the table `bc_boughtsessions` */

/*Table structure for table `bc_pricings` */

DROP TABLE IF EXISTS `bc_pricings`;

CREATE TABLE `bc_pricings` (
  `id` int(11) NOT NULL AUTO_INCREMENT,
  `user_id` int(11) NOT NULL,
  `locations_id` int(11) NOT NULL,
  `name` varchar(255) NOT NULL,
  `price` float NOT NULL,
  `included_sessions` int(11) NOT NULL,
  PRIMARY KEY (`id`)
) ENGINE=InnoDB AUTO_INCREMENT=13 DEFAULT CHARSET=latin1;

/*Data for the table `bc_pricings` */

insert  into `bc_pricings`(`id`,`user_id`,`locations_id`,`name`,`price`,`included_sessions`) values 

(6,136,43,'test a',10,0),

(8,136,43,'test c',35,0),

(10,136,43,'test e',50,0),

(11,136,49,'asdf',10,0),

(12,136,49,'fdsa',20,0);

/*Table structure for table `bc_usedsessions` */

DROP TABLE IF EXISTS `bc_usedsessions`;

CREATE TABLE `bc_usedsessions` (
  `id` int(11) NOT NULL AUTO_INCREMENT,
  `user` int(11) NOT NULL,
  `to_user` int(11) NOT NULL,
  `datetime` datetime NOT NULL,
  `session_id` int(11) NOT NULL,
  PRIMARY KEY (`id`)
) ENGINE=InnoDB DEFAULT CHARSET=latin1;

/*Data for the table `bc_usedsessions` */

/*Table structure for table `calendar_event_instances` */

DROP TABLE IF EXISTS `calendar_event_instances`;

CREATE TABLE `calendar_event_instances` (
  `id` int(11) NOT NULL AUTO_INCREMENT,
  `event` int(11) NOT NULL,
  `location` int(11) DEFAULT NULL,
  `pricing` int(11) DEFAULT NULL,
  `bookable` tinyint(1) NOT NULL DEFAULT '1',
  `spaces` int(11) NOT NULL,
  `spaces_unusable` int(11) NOT NULL,
  `time_start` time NOT NULL,
  `date` date DEFAULT NULL,
  `status` int(11) DEFAULT NULL,
  `original_day` varchar(255) DEFAULT NULL,
  `duration` int(6) NOT NULL,
  `price` float NOT NULL,
  `user` int(11) NOT NULL,
  `title` varchar(255) DEFAULT NULL,
  `colour` varchar(255) DEFAULT NULL,
  `location_db` int(255) DEFAULT NULL,
  `type` varchar(5) NOT NULL,
  `notes` varchar(1024) DEFAULT NULL,
  PRIMARY KEY (`id`)
) ENGINE=InnoDB AUTO_INCREMENT=174 DEFAULT CHARSET=latin1;

/*Data for the table `calendar_event_instances` */

insert  into `calendar_event_instances`(`id`,`event`,`location`,`pricing`,`bookable`,`spaces`,`spaces_unusable`,`time_start`,`date`,`status`,`original_day`,`duration`,`price`,`user`,`title`,`colour`,`location_db`,`type`,`notes`) values 

(1,1,1,NULL,1,1,0,'17:15:00','2016-06-09',2,'Thursday',30,0,66,NULL,'#477c53',NULL,'pt','test note'),

(2,1,1,NULL,1,1,0,'16:15:00','2016-06-14',2,'Thursday',30,0,66,NULL,'#477c53',NULL,'pt',NULL),

(3,1,1,NULL,1,1,0,'17:30:00','2016-06-23',2,'Thursday',30,20,66,NULL,'#477c53',NULL,'pt',NULL),

(4,1,1,NULL,1,1,0,'17:30:00','2016-06-30',2,'Thursday',30,20,66,NULL,'#477c53',NULL,'pt',NULL),

(5,1,1,NULL,1,1,0,'17:30:00','2016-07-07',2,'Thursday',30,20,66,NULL,'#477c53',NULL,'pt',NULL),

(6,1,1,NULL,1,1,0,'17:30:00','2016-07-14',2,'Thursday',30,20,66,NULL,'#477c53',NULL,'pt',NULL),

(7,1,1,NULL,1,1,0,'17:30:00','2016-07-21',2,'Thursday',30,20,66,NULL,'#477c53',NULL,'pt',NULL),

(15,2,2,NULL,1,1,0,'18:00:00','2016-06-06',2,'Monday',45,35,66,NULL,'#ff8000',NULL,'pt',NULL),

(16,2,2,NULL,1,1,0,'18:00:00','2016-06-10',2,'Friday',45,35,66,NULL,'#ff8000',NULL,'pt',NULL),

(17,2,2,NULL,1,1,0,'18:00:00','2016-06-13',2,'Monday',45,35,66,NULL,'#ff8000',NULL,'pt',NULL),

(18,2,2,NULL,1,1,0,'18:00:00','2016-06-17',2,'Friday',45,35,66,NULL,'#ff8000',NULL,'pt',NULL),

(19,2,2,NULL,1,1,0,'18:00:00','2016-06-20',2,'Monday',45,35,66,NULL,'#ff8000',NULL,'pt',NULL),

(20,2,2,NULL,1,1,0,'18:00:00','2016-06-24',2,'Friday',45,35,66,NULL,'#ff8000',NULL,'pt',NULL),

(21,2,2,NULL,1,3,0,'18:00:00','2016-06-27',2,'Monday',45,35,66,NULL,'#ff8000',NULL,'pt',NULL),

(22,2,2,NULL,1,3,0,'18:00:00','2016-07-01',2,'Friday',45,35,66,NULL,'#ff8000',NULL,'pt',NULL),

(27,2,2,NULL,1,3,0,'18:00:00','2016-07-04',2,'Monday',45,35,66,NULL,'#ff8000',NULL,'pt',NULL),

(28,2,2,NULL,1,3,0,'18:00:00','2016-07-08',2,'Friday',45,35,66,NULL,'#ff8000',NULL,'pt',NULL),

(29,2,2,NULL,1,3,0,'18:00:00','2016-07-11',2,'Monday',45,35,66,NULL,'#ff8000',NULL,'pt',NULL),

(30,2,2,NULL,1,3,0,'18:00:00','2016-07-15',2,'Friday',45,35,66,NULL,'#ff8000',NULL,'pt',NULL),

(31,3,1,NULL,1,1,0,'18:00:00','2016-06-28',2,'Tuesday',60,30.31,66,NULL,'#a28a2b',NULL,'pt',NULL),

(40,6,1,NULL,1,1,0,'12:00:00','2016-06-17',2,'Friday',60,0,66,NULL,'#191919',NULL,'pt','asdfasdfasdf'),

(41,6,1,NULL,1,1,0,'12:00:00','2016-06-18',2,'Saturday',60,0,66,NULL,'#191919',NULL,'pt','asdfasdfasdf'),

(42,6,1,NULL,0,0,0,'12:00:00','2016-06-24',2,'Friday',60,0,66,NULL,'#191919',NULL,'pt','asdfasdfasdf'),

(43,6,1,NULL,0,0,0,'12:00:00','2016-06-25',2,'Saturday',60,0,66,NULL,'#191919',NULL,'pt','asdfasdfasdf'),

(44,6,1,NULL,0,0,0,'12:00:00','2016-07-01',2,'Friday',60,0,66,NULL,'#191919',NULL,'pt','asdfasdfasdf'),

(45,6,1,NULL,0,0,0,'12:00:00','2016-07-02',2,'Saturday',60,0,66,NULL,'#191919',NULL,'pt','asdfasdfasdf'),

(46,3,1,NULL,1,1,0,'18:00:00','2016-07-05',2,'Tuesday',60,30,66,NULL,'#a28a2b',NULL,'pt',NULL),

(47,6,1,NULL,0,0,0,'12:00:00','2016-07-08',2,'Friday',60,0,66,NULL,'#191919',NULL,'pt','asdfasdfasdf'),

(48,6,1,NULL,0,0,0,'12:00:00','2016-07-09',2,'Saturday',60,0,66,NULL,'#191919',NULL,'pt','asdfasdfasdf'),

(49,3,1,NULL,1,1,0,'18:00:00','2016-07-12',2,'Tuesday',60,30,66,NULL,'#a28a2b',NULL,'pt',NULL),

(50,6,1,NULL,0,0,0,'12:00:00','2016-07-15',2,'Friday',60,0,66,NULL,'#191919',NULL,'pt','asdfasdfasdf'),

(51,6,1,NULL,0,0,0,'12:00:00','2016-07-16',2,'Saturday',60,0,66,NULL,'#191919',NULL,'pt','asdfasdfasdf'),

(52,2,2,NULL,1,3,0,'18:00:00','2016-07-18',2,'Monday',45,35,66,NULL,'#ff8000',NULL,'pt',NULL),

(53,2,2,NULL,1,3,0,'18:00:00','2016-07-22',2,'Friday',45,35,66,NULL,'#ff8000',NULL,'pt',NULL),

(54,3,1,NULL,1,1,0,'18:00:00','2016-07-19',2,'Tuesday',60,30,66,NULL,'#a28a2b',NULL,'pt',NULL),

(55,6,1,NULL,0,0,0,'12:00:00','2016-07-22',2,'Friday',60,0,66,NULL,'#191919',NULL,'pt','asdfasdfasdf'),

(56,6,1,NULL,0,0,0,'12:00:00','2016-07-23',2,'Saturday',60,0,66,NULL,'#191919',NULL,'pt','asdfasdfasdf'),

(57,7,26,NULL,0,0,0,'12:00:00','2016-06-30',2,'Thursday',60,0,140,NULL,'#ff0000',NULL,'pt','Unbookable'),

(58,7,26,NULL,0,0,0,'12:00:00','2016-07-04',2,'Monday',60,0,140,NULL,'#ff0000',NULL,'pt','Unbookable'),

(59,7,26,NULL,0,0,0,'12:00:00','2016-07-05',2,'Tuesday',60,0,140,NULL,'#ff0000',NULL,'pt','Unbookable'),

(60,7,26,NULL,0,0,0,'12:00:00','2016-07-06',2,'Wednesday',60,0,140,NULL,'#ff0000',NULL,'pt','Unbookable'),

(61,7,26,NULL,0,0,0,'12:00:00','2016-07-07',2,'Thursday',60,0,140,NULL,'#ff0000',NULL,'pt','Unbookable'),

(62,7,26,NULL,0,0,0,'12:00:00','2016-07-11',2,'Monday',60,0,140,NULL,'#ff0000',NULL,'pt','Unbookable'),

(63,7,26,NULL,0,0,0,'12:00:00','2016-07-12',2,'Tuesday',60,0,140,NULL,'#ff0000',NULL,'pt','Unbookable'),

(64,7,26,NULL,0,0,0,'12:00:00','2016-07-13',2,'Wednesday',60,0,140,NULL,'#ff0000',NULL,'pt','Unbookable'),

(65,7,26,NULL,0,0,0,'12:00:00','2016-07-14',2,'Thursday',60,0,140,NULL,'#ff0000',NULL,'pt','Unbookable'),

(66,7,26,NULL,0,0,0,'12:00:00','2016-07-18',2,'Monday',60,0,140,NULL,'#ff0000',NULL,'pt','Unbookable'),

(67,7,26,NULL,0,0,0,'12:00:00','2016-07-19',2,'Tuesday',60,0,140,NULL,'#ff0000',NULL,'pt','Unbookable'),

(68,7,26,NULL,0,0,0,'12:00:00','2016-07-20',2,'Wednesday',60,0,140,NULL,'#ff0000',NULL,'pt','Unbookable'),

(69,7,26,NULL,0,0,0,'12:00:00','2016-07-21',2,'Thursday',60,0,140,NULL,'#ff0000',NULL,'pt','Unbookable'),

(70,7,26,NULL,0,0,0,'12:00:00','2016-07-13',2,'Wednesday',60,0,140,NULL,'#ff0000',NULL,'pt','Unbookable'),

(71,7,26,NULL,0,0,0,'12:00:00','2016-07-14',2,'Thursday',60,0,140,NULL,'#ff0000',NULL,'pt','Unbookable'),

(72,7,26,NULL,0,0,0,'12:00:00','2016-07-15',2,'Friday',60,0,140,NULL,'#ff0000',NULL,'pt','Unbookable'),

(73,7,26,NULL,0,0,0,'12:00:00','2016-07-18',2,'Monday',60,0,140,NULL,'#ff0000',NULL,'pt','Unbookable'),

(74,7,26,NULL,0,0,0,'12:00:00','2016-07-19',2,'Tuesday',60,0,140,NULL,'#ff0000',NULL,'pt','Unbookable'),

(75,7,26,NULL,0,0,0,'12:00:00','2016-07-20',2,'Wednesday',60,0,140,NULL,'#ff0000',NULL,'pt','Unbookable'),

(76,7,26,NULL,0,0,0,'12:00:00','2016-07-21',2,'Thursday',60,0,140,NULL,'#ff0000',NULL,'pt','Unbookable'),

(77,7,26,NULL,0,0,0,'12:00:00','2016-07-22',2,'Friday',60,0,140,NULL,'#ff0000',NULL,'pt','Unbookable'),

(78,7,26,NULL,0,0,0,'12:00:00','2016-07-25',2,'Monday',60,0,140,NULL,'#ff0000',NULL,'pt','Unbookable'),

(79,8,27,NULL,1,5,0,'15:15:00','2016-07-04',2,'Monday',45,60,140,NULL,'#ff80ff',NULL,'pt','Please let me know if you are going to bring friends'),

(80,8,27,NULL,1,5,0,'15:15:00','2016-07-11',2,'Monday',45,60,140,NULL,'#ff80ff',NULL,'pt','Please let me know if you are going to bring friends'),

(81,8,27,NULL,1,5,0,'15:15:00','2016-07-18',2,'Monday',45,60,140,NULL,'#ff80ff',NULL,'pt','Please let me know if you are going to bring friends'),

(82,0,28,NULL,0,0,0,'10:00:00','2016-07-04',NULL,NULL,0,0,143,NULL,NULL,NULL,'pt',NULL),

(83,9,28,NULL,0,0,0,'10:00:00','2016-07-01',2,'Friday',30,0,143,NULL,'#3561f7',NULL,'pt',NULL),

(84,9,28,NULL,0,0,0,'10:00:00','2016-07-08',2,'Friday',30,0,143,NULL,'#3561f7',NULL,'pt',NULL),

(87,0,2,NULL,1,3,0,'13:30:00','2016-07-12',2,'Tuesday',120,23,66,'Test a','#36879e',NULL,'pt','asdf'),

(88,0,3,NULL,0,3,0,'13:30:00','2016-07-13',2,'Wednesday',60,20,66,'asdf','#d0cd57',NULL,'pt','asdf'),

(89,9,28,NULL,0,0,0,'10:00:00','2016-07-15',2,'Friday',60,0,143,'Lunch','#3561f7',NULL,'pt',NULL),

(90,9,28,NULL,0,0,0,'10:00:00','2016-07-22',2,'Friday',30,0,143,'Lunch','#3561f7',NULL,'pt',NULL),

(91,0,28,NULL,0,0,0,'01:00:00','2016-07-13',2,'Wednesday',60,0,143,'test',NULL,NULL,'pt',NULL),

(92,0,28,NULL,0,0,0,'02:00:00','2016-07-20',2,'Wednesday',60,0,143,'test',NULL,NULL,'pt',NULL),

(93,0,NULL,NULL,0,0,0,'14:00:00','2016-07-20',2,'Wednesday',0,0,143,'efef',NULL,NULL,'pt',NULL),

(94,0,NULL,NULL,1,33,0,'14:00:00','2016-07-20',2,'Wednesday',0,45,143,'32e23e','#ff0080',NULL,'pt',NULL),

(95,0,25,NULL,0,0,0,'12:00:00','2016-07-13',2,'Wednesday',60,0,136,'asdf','#000',NULL,'pt',NULL),

(96,0,37,NULL,0,0,0,'13:00:00','2016-07-14',2,'Thursday',60,0,136,'asdfasdfasdfasdf','#48aa46',NULL,'pt',NULL),

(97,0,25,NULL,0,0,0,'14:00:00','2016-07-13',2,'Wednesday',45,0,136,'fdsa',NULL,NULL,'pt',NULL),

(98,0,37,NULL,0,0,0,'14:00:00','2016-07-14',2,'Thursday',30,0,136,'fdsfdsf','#000',NULL,'pt',NULL),

(99,0,28,NULL,0,0,0,'12:00:00','2016-07-20',2,'Wednesday',60,0,143,'tezst','#0b68b5',NULL,'pt',NULL),

(100,0,28,NULL,1,0,0,'11:00:00','2016-07-20',2,'Wednesday',0,35,143,'test2','#3a69e4',NULL,'pt',NULL),

(101,1,1,NULL,1,1,0,'17:30:00','2016-07-28',0,'Thursday',30,20,66,'test g','#477c53',NULL,'pt',NULL),

(102,2,2,NULL,1,3,0,'18:00:00','2016-07-25',2,'Monday',45,35,66,'test event','#ff8000',NULL,'pt',NULL),

(103,2,2,NULL,1,3,0,'18:00:00','2016-07-29',2,'Friday',45,35,66,'test event','#ff8000',NULL,'pt',NULL),

(104,3,1,NULL,1,1,0,'18:00:00','2016-07-26',2,'Tuesday',60,30,66,'Boxing class','#a28a2b',NULL,'pt',NULL),

(105,6,1,NULL,0,0,0,'12:00:00','2016-07-29',2,'Friday',60,0,66,'My lunch','#191919',NULL,'pt','asdfasdfasdf'),

(106,6,1,NULL,0,0,0,'12:00:00','2016-07-30',2,'Saturday',60,0,66,'My lunch','#191919',NULL,'pt','asdfasdfasdf'),

(107,1,1,NULL,1,1,0,'17:30:00','2016-08-04',0,'Thursday',30,20,66,'test g','#477c53',NULL,'pt',NULL),

(108,2,2,NULL,1,3,0,'18:00:00','2016-08-01',2,'Monday',45,35,66,'test event','#ff8000',NULL,'pt',NULL),

(109,2,2,NULL,1,3,0,'18:00:00','2016-08-05',2,'Friday',45,35,66,'test event','#ff8000',NULL,'pt',NULL),

(110,3,1,NULL,1,1,0,'18:00:00','2016-08-02',2,'Tuesday',60,30,66,'Boxing class','#a28a2b',NULL,'pt',NULL),

(111,6,1,NULL,0,0,0,'12:00:00','2016-08-05',2,'Friday',60,0,66,'My lunch','#191919',NULL,'pt','asdfasdfasdf'),

(112,6,1,NULL,0,0,0,'12:00:00','2016-08-06',2,'Saturday',60,0,66,'My lunch','#191919',NULL,'pt','asdfasdfasdf'),

(113,1,1,NULL,1,1,0,'17:30:00','2016-08-11',0,'Thursday',30,20,66,'test g','#477c53',NULL,'pt',NULL),

(114,2,2,NULL,1,3,0,'18:00:00','2016-08-08',2,'Monday',45,35,66,'test event','#ff8000',NULL,'pt',NULL),

(115,2,2,NULL,1,3,0,'18:00:00','2016-08-12',2,'Friday',45,35,66,'test event','#ff8000',NULL,'pt',NULL),

(116,3,1,NULL,1,1,0,'18:00:00','2016-08-09',2,'Tuesday',60,30,66,'Boxing class','#a28a2b',NULL,'pt',NULL),

(117,6,1,NULL,0,0,0,'12:00:00','2016-08-12',2,'Friday',60,0,66,'My lunch','#191919',NULL,'pt','asdfasdfasdf'),

(118,6,1,NULL,0,0,0,'12:00:00','2016-08-13',2,'Saturday',60,0,66,'My lunch','#191919',NULL,'pt','asdfasdfasdf'),

(119,1,1,NULL,1,1,0,'17:30:00','2016-08-18',0,'Thursday',30,20,66,'test g','#477c53',NULL,'pt',NULL),

(120,2,2,NULL,1,3,0,'18:00:00','2016-08-15',2,'Monday',45,35,66,'test event','#ff8000',NULL,'pt',NULL),

(121,2,2,NULL,1,3,0,'18:00:00','2016-08-19',2,'Friday',45,35,66,'test event','#ff8000',NULL,'pt',NULL),

(122,3,1,NULL,1,1,0,'18:00:00','2016-08-16',2,'Tuesday',60,30,66,'Boxing class','#a28a2b',NULL,'pt',NULL),

(123,6,1,NULL,0,0,0,'12:00:00','2016-08-19',2,'Friday',60,0,66,'My lunch','#191919',NULL,'pt','asdfasdfasdf'),

(124,6,1,NULL,0,0,0,'12:00:00','2016-08-20',2,'Saturday',60,0,66,'My lunch','#191919',NULL,'pt','asdfasdfasdf'),

(125,1,1,NULL,1,1,0,'17:30:00','2016-08-25',0,'Thursday',30,20,66,'test g','#477c53',NULL,'pt',NULL),

(126,2,2,NULL,1,3,0,'18:00:00','2016-08-22',2,'Monday',45,35,66,'test event','#ff8000',NULL,'pt',NULL),

(127,2,2,NULL,1,3,0,'18:00:00','2016-08-26',2,'Friday',45,35,66,'test event','#ff8000',NULL,'pt',NULL),

(128,3,1,NULL,1,1,0,'18:00:00','2016-08-23',2,'Tuesday',60,30,66,'Boxing class','#a28a2b',NULL,'pt',NULL),

(129,6,1,NULL,0,0,0,'12:00:00','2016-08-26',2,'Friday',60,0,66,'My lunch','#191919',NULL,'pt','asdfasdfasdf'),

(130,6,1,NULL,0,0,0,'12:00:00','2016-08-27',2,'Saturday',60,0,66,'My lunch','#191919',NULL,'pt','asdfasdfasdf'),

(131,7,26,NULL,0,0,0,'12:00:00','2016-07-27',2,'Wednesday',60,0,140,'My Lunch','#ff0000',NULL,'pt','Unbookable'),

(132,7,26,NULL,0,0,0,'12:00:00','2016-07-28',2,'Thursday',60,0,140,'My Lunch','#ff0000',NULL,'pt','Unbookable'),

(133,7,26,NULL,0,0,0,'12:00:00','2016-07-29',2,'Friday',60,0,140,'My Lunch','#ff0000',NULL,'pt','Unbookable'),

(134,7,26,NULL,0,0,0,'12:00:00','2016-08-01',2,'Monday',60,0,140,'My Lunch','#ff0000',NULL,'pt','Unbookable'),

(135,7,26,NULL,0,0,0,'12:00:00','2016-08-02',2,'Tuesday',60,0,140,'My Lunch','#ff0000',NULL,'pt','Unbookable'),

(136,7,26,NULL,0,0,0,'12:00:00','2016-08-03',2,'Wednesday',60,0,140,'My Lunch','#ff0000',NULL,'pt','Unbookable'),

(137,7,26,NULL,0,0,0,'12:00:00','2016-08-04',2,'Thursday',60,0,140,'My Lunch','#ff0000',NULL,'pt','Unbookable'),

(138,7,26,NULL,0,0,0,'12:00:00','2016-08-05',2,'Friday',60,0,140,'My Lunch','#ff0000',NULL,'pt','Unbookable'),

(139,8,27,NULL,1,5,0,'15:15:00','2016-08-01',2,'Monday',45,60,140,'Group Training','#ff80ff',NULL,'pt','Please let me know if you are going to bring friends'),

(140,7,26,NULL,0,0,0,'12:00:00','2016-08-08',2,'Monday',60,0,140,'My Lunch','#ff0000',NULL,'pt','Unbookable'),

(141,7,26,NULL,0,0,0,'12:00:00','2016-08-09',2,'Tuesday',60,0,140,'My Lunch','#ff0000',NULL,'pt','Unbookable'),

(142,7,26,NULL,0,0,0,'12:00:00','2016-08-10',2,'Wednesday',60,0,140,'My Lunch','#ff0000',NULL,'pt','Unbookable'),

(143,7,26,NULL,0,0,0,'12:00:00','2016-08-11',2,'Thursday',60,0,140,'My Lunch','#ff0000',NULL,'pt','Unbookable'),

(144,7,26,NULL,0,0,0,'12:00:00','2016-08-12',2,'Friday',60,0,140,'My Lunch','#ff0000',NULL,'pt','Unbookable'),

(145,8,27,NULL,1,5,0,'15:15:00','2016-08-08',2,'Monday',45,60,140,'Group Training','#ff80ff',NULL,'pt','Please let me know if you are going to bring friends'),

(146,0,43,8,1,3,0,'16:00:00','2016-08-18',2,'Tuesday',30,0,136,NULL,'#b434e4',NULL,'pt','test note'),

(147,0,NULL,NULL,0,0,0,'14:00:00','2016-08-18',2,'Thursday',30,0,136,'Test unbookable','#000',NULL,'pt',NULL),

(148,10,43,NULL,1,5,0,'13:00:00','2016-08-12',0,'Friday',60,0,136,'','#1fe0f5',NULL,'pt',NULL),

(149,10,43,6,1,5,0,'13:00:00','2016-08-19',0,'Friday',60,0,136,'','#1fe0f5',NULL,'pt',NULL),

(150,10,43,6,1,5,0,'13:00:00','2016-08-26',0,'Friday',60,0,136,'','#1fe0f5',NULL,'pt',NULL),

(151,11,43,6,0,10,0,'13:00:00','2016-08-19',0,'Friday',45,0,136,'','#000',NULL,'pt',NULL),

(152,11,43,6,1,10,0,'13:00:00','2016-08-26',0,'Friday',45,0,136,'','#000',NULL,'pt',NULL),

(153,10,43,6,1,5,0,'13:00:00','2016-09-02',0,'Friday',60,0,136,'','#1fe0f5',NULL,'pt',NULL),

(154,11,43,6,1,10,0,'13:00:00','2016-09-02',0,'Friday',45,0,136,'','#000',NULL,'pt',NULL),

(155,10,43,6,1,5,0,'13:00:00','2016-09-09',0,'Friday',60,0,136,'','#1fe0f5',NULL,'pt',NULL),

(156,11,43,6,1,10,0,'13:00:00','2016-09-09',0,'Friday',45,0,136,'','#000',NULL,'pt',NULL),

(157,10,43,6,1,5,0,'13:00:00','2016-09-16',0,'Friday',60,0,136,'','#1fe0f5',NULL,'pt',NULL),

(158,11,43,6,1,10,0,'13:00:00','2016-09-16',0,'Friday',45,0,136,'','#000',NULL,'pt',NULL),

(159,10,43,6,1,5,0,'13:00:00','2016-09-23',0,'Friday',60,0,136,'','#1fe0f5',NULL,'pt',NULL),

(160,11,43,6,1,10,0,'13:00:00','2016-09-23',0,'Friday',45,0,136,'','#000',NULL,'pt',NULL),

(161,11,43,6,1,10,0,'13:00:00','2016-09-30',0,'Friday',45,0,136,'','#000',NULL,'pt',NULL),

(162,11,43,6,1,10,0,'13:00:00','2016-10-07',0,'Friday',45,0,136,'','#000',NULL,'pt',NULL),

(164,12,43,6,1,10,0,'10:00:00','2016-08-19',2,'Friday',15,0,136,'','#000',NULL,'pt',NULL),

(165,12,43,6,1,10,0,'10:00:00','2016-08-26',2,'Friday',15,0,136,'','#000',NULL,'pt',NULL),

(166,12,43,6,1,10,0,'10:00:00','2016-09-02',0,'Friday',15,0,136,'','#000',NULL,'pt',NULL),

(167,12,43,6,1,10,0,'10:00:00','2016-09-09',0,'Friday',15,0,136,'','#000',NULL,'pt',NULL),

(168,13,43,10,1,8,0,'12:15:00','2016-08-19',2,'Friday',90,0,136,'','#82c406',NULL,'pt',NULL),

(169,0,NULL,NULL,0,0,0,'16:00:00','2016-08-18',2,'Thursday',60,0,66,'Rest','#00ffff',NULL,'pt',NULL),

(170,13,43,10,1,8,0,'12:15:00','2016-08-26',2,'Friday',90,0,136,'','#82c406',NULL,'pt',NULL),

(171,13,43,10,1,8,0,'12:15:00','2016-09-02',2,'Friday',90,0,136,'','#82c406',NULL,'pt',NULL),

(172,13,43,10,1,8,0,'12:15:00','2016-09-09',2,'Friday',90,0,136,'','#82c406',NULL,'pt',NULL),

(173,13,43,10,1,8,0,'12:15:00','2016-09-16',2,'Friday',90,0,136,'','#82c406',NULL,'pt',NULL);

/*Table structure for table `calendar_events` */

DROP TABLE IF EXISTS `calendar_events`;

CREATE TABLE `calendar_events` (
  `id` int(11) NOT NULL AUTO_INCREMENT,
  `name` varchar(255) NOT NULL,
  `location` int(11) DEFAULT NULL,
  `pricing` int(11) DEFAULT NULL,
  `time_start` time NOT NULL,
  `date_start` date DEFAULT NULL,
  `date_end` date DEFAULT NULL,
  `bookable` tinyint(1) NOT NULL DEFAULT '1',
  `spaces` int(11) NOT NULL,
  `status` int(11) DEFAULT NULL,
  `duration` int(6) NOT NULL,
  `price` float NOT NULL,
  `day` varchar(255) DEFAULT NULL,
  `frequency` varchar(255) DEFAULT NULL,
  `frequency_other` varchar(255) DEFAULT NULL,
  `user` int(11) NOT NULL,
  `location_db` int(255) DEFAULT NULL,
  `type` varchar(5) NOT NULL,
  `event` tinyint(1) NOT NULL,
  `title` varchar(255) NOT NULL,
  `linked_id` int(11) DEFAULT NULL,
  `colour` varchar(10) DEFAULT NULL,
  `notes` varchar(1024) DEFAULT NULL,
  `instanced_up_to` date DEFAULT NULL,
  PRIMARY KEY (`id`)
) ENGINE=InnoDB AUTO_INCREMENT=14 DEFAULT CHARSET=latin1;

/*Data for the table `calendar_events` */

insert  into `calendar_events`(`id`,`name`,`location`,`pricing`,`time_start`,`date_start`,`date_end`,`bookable`,`spaces`,`status`,`duration`,`price`,`day`,`frequency`,`frequency_other`,`user`,`location_db`,`type`,`event`,`title`,`linked_id`,`colour`,`notes`,`instanced_up_to`) values 

(1,'test g',1,NULL,'17:30:00',NULL,'2016-07-21',1,1,0,30,20,'Thursday','weekly',NULL,66,NULL,'pt',0,'test g',NULL,'#477c53',NULL,'2016-08-29'),

(2,'',2,NULL,'18:00:00','2016-06-05',NULL,1,3,2,45,35,'Monday,Friday','weekly',NULL,66,NULL,'pt',0,'test event',NULL,'#ff8000',NULL,'2016-08-29'),

(3,'',1,NULL,'18:00:00','2016-06-20',NULL,1,1,2,60,30,'Tuesday','weekly',NULL,66,NULL,'pt',0,'Boxing class',NULL,'#a28a2b',NULL,'2016-08-29'),

(6,'',1,NULL,'12:00:00','2016-06-24','2016-06-25',0,0,2,60,0,'Friday,Saturday','weekly',NULL,66,NULL,'pt',0,'My lunch',NULL,'#191919','asdfasdfasdf','2016-08-29'),

(7,'',26,NULL,'12:00:00','2016-07-07','2016-08-11',0,0,2,60,0,'Monday,Wednesday,Tuesday,Thursday,Friday','weekly',NULL,140,NULL,'pt',0,'My Lunch',NULL,'#ff0000','Unbookable','2016-08-15'),

(8,'',27,NULL,'15:15:00','2016-07-04','2016-07-04',1,5,2,45,60,'Monday','weekly',NULL,140,NULL,'pt',0,'Group Training',NULL,'#ff80ff','Please let me know if you are going to bring friends','2016-08-15'),

(9,'',28,NULL,'10:00:00','2016-07-08','2016-07-08',0,0,2,30,0,'Friday','weekly',NULL,143,NULL,'pt',0,'Lunch',NULL,'#3561f7',NULL,'2016-07-25'),

(10,'',43,6,'13:00:00','2016-08-19','2016-09-16',1,5,0,60,0,'Friday','weekly',NULL,136,NULL,'pt',0,'',NULL,'#1fe0f5',NULL,'2016-09-26'),

(11,'',43,6,'13:00:00','2016-08-19','2016-08-19',1,10,0,45,0,'Friday','weekly',NULL,136,NULL,'pt',0,'',NULL,'#000',NULL,'2016-10-10'),

(12,'',43,6,'10:00:00','2016-08-19','2016-09-10',1,10,0,15,0,'Friday','weekly',NULL,136,NULL,'pt',0,'',NULL,'#000',NULL,'2016-09-11'),

(13,'',43,10,'12:15:00','2016-08-19','2016-09-16',1,8,2,90,0,'Friday','weekly',NULL,136,NULL,'pt',0,'',NULL,'#82c406',NULL,'2016-09-17');

/*Table structure for table `calendar_rules` */

DROP TABLE IF EXISTS `calendar_rules`;

CREATE TABLE `calendar_rules` (
  `id` int(11) NOT NULL AUTO_INCREMENT,
  `name` varchar(255) NOT NULL,
  `location` int(11) DEFAULT NULL,
  `time_start` time NOT NULL,
  `time_end` time NOT NULL,
  `date_start` date DEFAULT NULL,
  `date_end` date DEFAULT NULL,
  `day` varchar(255) NOT NULL,
  `frequency` varchar(255) NOT NULL,
  `frequency_other` varchar(255) NOT NULL,
  `user` int(11) NOT NULL,
  `type` varchar(5) NOT NULL,
  `title` varchar(255) NOT NULL,
  `notes` varchar(1024) DEFAULT NULL,
  PRIMARY KEY (`id`)
) ENGINE=InnoDB AUTO_INCREMENT=31 DEFAULT CHARSET=latin1;

/*Data for the table `calendar_rules` */

insert  into `calendar_rules`(`id`,`name`,`location`,`time_start`,`time_end`,`date_start`,`date_end`,`day`,`frequency`,`frequency_other`,`user`,`type`,`title`,`notes`) values 

(1,'asdf',2,'09:00:00','16:15:00',NULL,NULL,'Saturday,Sunday','weekly','',66,'pt','fdsa','note test'),

(2,'Fitness first on monday',1,'07:30:00','15:30:00','2016-05-14',NULL,'Monday','weekly','',66,'pt','Fitness First Elle','hold the door!'),

(3,'wednsdays in the park',2,'16:00:00','18:00:00',NULL,NULL,'Wednesday','weekly','',66,'pt','wed','Dogs allowed in park'),

(4,'Wed/Thursday Availability',1,'09:00:00','12:00:00',NULL,'2016-06-08','Wednesday,Thursday','weekly','',66,'pt','Fitness First Training','Ends soon'),

(5,'Wed/Thursday Availability',2,'09:00:00','12:00:00','2016-06-09',NULL,'Wednesday,Thursday','weekly','',66,'pt','Park Training','Starts first Thursday of June'),

(6,'Monday to friday',15,'09:00:00','17:00:00',NULL,NULL,'Monday,Tuesday,Wednesday,Thursday,Friday','weekly','',124,'pt','Popo\'s Training',''),

(7,'Fitness First Adelaide Gym',16,'06:00:00','18:00:00','2016-06-14','2017-06-12','Monday,Tuesday,Wednesday,Thursday,Saturday,Friday,Sunday','weekly','',127,'pt','FF Adelaide Gym',''),

(8,'No required',18,'06:15:00','09:00:00','2016-06-12','2016-06-12','Monday,Wednesday,Friday','','',128,'pt','not required',''),

(9,'booked',18,'06:00:00','07:00:00','2016-06-17','2016-06-30','Monday,Wednesday,Friday','weekly','',128,'pt','Not needed',''),

(10,'Bootcamp',19,'16:00:00','17:00:00','2016-06-14','2016-09-28','Tuesday,Monday,Wednesday,Thursday,Sunday,Saturday,Friday','','',129,'pt','bootcamp',''),

(11,'bootcamp',19,'19:15:00','22:00:00','2016-06-28','2016-06-29','Tuesday,Sunday','','',129,'pt','',''),

(12,'Testing1',21,'10:45:00','12:30:00','2016-06-15','2016-06-20','Monday,Wednesday,Thursday','weekly','',133,'pt','test','test'),

(13,'Electric Type',24,'05:00:00','07:00:00','2016-06-15','2016-06-30','Thursday','weekly','',135,'pt','',''),

(14,'Water Type',24,'05:00:00','07:30:00','2016-06-16','2017-06-16','Friday','weekly','',135,'pt','ddd','Squirtle is the GOAT'),

(16,'',22,'10:30:00','16:45:00','2016-06-15','2016-07-15','Monday,Tuesday,Wednesday,Thursday,Friday,Saturday,Sunday','weekly','',133,'pt','',''),

(19,'test a',25,'10:00:00','16:00:00',NULL,NULL,'Monday,Tuesday','weekly','',136,'pt','Cooper plains Gym','asdf asdf asdf'),

(20,'test1',22,'09:00:00','15:30:00','2016-06-15','2016-07-16','Monday,Tuesday,Wednesday,Thursday,Friday','','',133,'pt','test1','testing'),

(21,'Running',26,'10:00:00','11:00:00','2016-07-07','2016-08-24','Monday,Wednesday','weekly','',140,'pt','Cardio','Cardio, Fitness'),

(22,'Fun in the Sun',27,'13:00:00','14:00:00','2016-07-07','2016-09-11','Monday,Wednesday,Friday','weekly','',140,'pt','Strength Training','On the far left corner'),

(23,'asdf',3,'10:00:00','12:00:00','2016-07-07','2016-07-24','Tuesday','weekly','',66,'pt','asdf',''),

(24,'ewfef',28,'10:00:00','11:30:00','2016-07-04','2016-11-09','Monday,Wednesday','weekly','',143,'pt','utyfjf',''),

(25,'',3,'07:30:00','11:30:00','2016-07-15',NULL,'Friday','weekly','',66,'pt','Scooter Time',''),

(28,'',28,'13:00:00','14:00:00','2016-07-13','2016-07-13','','weekly','',143,'pt','test',''),

(29,'',28,'06:00:00','06:45:00','2016-07-13','2016-07-13','Wednesday','weekly','',143,'pt','test',''),

(30,'',37,'09:00:00','12:00:00','2016-07-13',NULL,'Wednesday,Thursday','weekly','',136,'pt','asdf','');

/*Table structure for table `calendars` */

DROP TABLE IF EXISTS `calendars`;

CREATE TABLE `calendars` (
  `id` int(11) NOT NULL AUTO_INCREMENT,
  `name` varchar(255) NOT NULL,
  `location` int(11) DEFAULT NULL,
  `time_start` time NOT NULL,
  `duration` int(2) NOT NULL,
  `date` date NOT NULL,
  `user` int(11) NOT NULL,
  `location_db` int(255) DEFAULT NULL,
  `type` varchar(5) NOT NULL,
  `event` tinyint(1) NOT NULL,
  `title` varchar(255) NOT NULL,
  `linked_id` int(11) DEFAULT NULL,
  `colour` varchar(10) DEFAULT NULL,
  `notes` varchar(1024) DEFAULT NULL,
  PRIMARY KEY (`id`)
) ENGINE=InnoDB AUTO_INCREMENT=4775 DEFAULT CHARSET=latin1;

/*Data for the table `calendars` */

insert  into `calendars`(`id`,`name`,`location`,`time_start`,`duration`,`date`,`user`,`location_db`,`type`,`event`,`title`,`linked_id`,`colour`,`notes`) values 

(1,'',2,'09:00:00',60,'2016-05-21',66,NULL,'pt',0,'',NULL,NULL,NULL),

(1823,'',3,'11:00:00',60,'2016-04-25',66,NULL,'pt',0,'',NULL,NULL,NULL),

(1824,'',3,'11:00:00',60,'2016-04-26',66,NULL,'pt',0,'',NULL,NULL,NULL),

(1825,'',3,'11:00:00',60,'2016-04-27',66,NULL,'pt',0,'',NULL,NULL,NULL),

(1826,'',3,'11:00:00',60,'2016-04-28',66,NULL,'pt',0,'',NULL,NULL,NULL),

(1827,'',3,'11:00:00',60,'2016-04-29',66,NULL,'pt',0,'',NULL,NULL,NULL),

(1828,'',3,'12:00:00',60,'2016-04-29',66,NULL,'pt',0,'',NULL,NULL,NULL),

(1829,'',3,'12:00:00',60,'2016-04-28',66,NULL,'pt',0,'',NULL,NULL,NULL),

(1830,'',3,'12:00:00',60,'2016-04-27',66,NULL,'pt',0,'',NULL,NULL,NULL),

(1831,'',3,'12:00:00',60,'2016-04-26',66,NULL,'pt',0,'',NULL,NULL,NULL),

(1832,'',3,'12:00:00',60,'2016-04-25',66,NULL,'pt',0,'',NULL,NULL,NULL),

(1833,'',3,'13:00:00',60,'2016-04-25',66,NULL,'pt',0,'',NULL,NULL,NULL),

(1834,'',3,'13:00:00',60,'2016-04-26',66,NULL,'pt',0,'',NULL,NULL,NULL),

(1835,'',3,'13:00:00',60,'2016-04-27',66,NULL,'pt',0,'',NULL,NULL,NULL),

(1836,'',3,'13:00:00',60,'2016-04-28',66,NULL,'pt',0,'',NULL,NULL,NULL),

(1837,'',3,'13:00:00',60,'2016-04-29',66,NULL,'pt',0,'',NULL,NULL,NULL),

(1838,'',3,'14:00:00',60,'2016-04-29',66,NULL,'pt',0,'',NULL,NULL,NULL),

(1839,'',3,'14:00:00',60,'2016-04-28',66,NULL,'pt',0,'',NULL,NULL,NULL),

(1840,'',3,'14:00:00',60,'2016-04-27',66,NULL,'pt',0,'',NULL,NULL,NULL),

(1841,'',3,'14:00:00',60,'2016-04-26',66,NULL,'pt',0,'',NULL,NULL,NULL),

(1842,'',3,'14:00:00',60,'2016-04-25',66,NULL,'pt',0,'',NULL,NULL,NULL),

(1843,'',3,'15:00:00',60,'2016-04-25',66,NULL,'pt',0,'',NULL,NULL,NULL),

(1844,'',3,'15:00:00',60,'2016-04-26',66,NULL,'pt',0,'',NULL,NULL,NULL),

(1845,'',3,'15:00:00',60,'2016-04-27',66,NULL,'pt',0,'',NULL,NULL,NULL),

(1846,'',3,'15:00:00',60,'2016-04-28',66,NULL,'pt',0,'',NULL,NULL,NULL),

(1847,'',3,'15:00:00',60,'2016-04-29',66,NULL,'pt',0,'',NULL,NULL,NULL),

(1848,'',3,'16:00:00',60,'2016-04-29',66,NULL,'pt',0,'',NULL,NULL,NULL),

(1849,'',3,'16:00:00',60,'2016-04-28',66,NULL,'pt',0,'',NULL,NULL,NULL),

(1850,'',3,'16:00:00',60,'2016-04-27',66,NULL,'pt',0,'',NULL,NULL,NULL),

(1851,'',3,'16:00:00',60,'2016-04-26',66,NULL,'pt',0,'',NULL,NULL,NULL),

(1852,'',3,'16:00:00',60,'2016-04-25',66,NULL,'pt',0,'',NULL,NULL,NULL),

(1853,'',2,'18:00:00',60,'2016-04-25',66,NULL,'pt',0,'',NULL,NULL,NULL),

(1854,'',2,'18:00:00',60,'2016-04-26',66,NULL,'pt',0,'',NULL,NULL,NULL),

(1855,'',2,'18:00:00',60,'2016-04-27',66,NULL,'pt',0,'',NULL,NULL,NULL),

(1856,'',2,'18:00:00',60,'2016-04-28',66,NULL,'pt',0,'',NULL,NULL,NULL),

(1857,'',2,'18:00:00',60,'2016-04-29',66,NULL,'pt',0,'',NULL,NULL,NULL),

(1858,'',2,'19:00:00',60,'2016-04-29',66,NULL,'pt',0,'',NULL,NULL,NULL),

(1859,'',2,'19:00:00',60,'2016-04-28',66,NULL,'pt',0,'',NULL,NULL,NULL),

(1860,'',2,'19:00:00',60,'2016-04-27',66,NULL,'pt',0,'',NULL,NULL,NULL),

(1861,'',2,'19:00:00',60,'2016-04-26',66,NULL,'pt',0,'',NULL,NULL,NULL),

(1862,'',1,'06:00:00',60,'2016-04-25',66,NULL,'pt',0,'',NULL,NULL,NULL),

(1863,'',1,'06:00:00',60,'2016-04-26',66,NULL,'pt',0,'',NULL,NULL,NULL),

(1865,'',1,'06:00:00',60,'2016-04-28',66,NULL,'pt',0,'',NULL,NULL,NULL),

(1866,'',1,'06:00:00',60,'2016-04-29',66,NULL,'pt',0,'',NULL,NULL,NULL),

(1867,'',1,'07:00:00',60,'2016-04-29',66,NULL,'pt',0,'',NULL,NULL,NULL),

(1868,'',1,'07:00:00',60,'2016-04-28',66,NULL,'pt',0,'',NULL,NULL,NULL),

(1869,'',1,'07:00:00',60,'2016-04-27',66,NULL,'pt',0,'',NULL,NULL,NULL),

(1870,'',1,'07:00:00',60,'2016-04-26',66,NULL,'pt',0,'',NULL,NULL,NULL),

(1871,'',1,'07:00:00',60,'2016-04-25',66,NULL,'pt',0,'',NULL,NULL,NULL),

(1872,'',1,'08:00:00',60,'2016-04-25',66,NULL,'pt',0,'',NULL,NULL,NULL),

(1873,'',1,'08:00:00',60,'2016-04-26',66,NULL,'pt',0,'',NULL,NULL,NULL),

(1874,'',1,'08:00:00',60,'2016-04-27',66,NULL,'pt',0,'',NULL,NULL,NULL),

(1875,'',1,'08:00:00',60,'2016-04-28',66,NULL,'pt',0,'',NULL,NULL,NULL),

(1876,'',1,'08:00:00',60,'2016-04-29',66,NULL,'pt',0,'',NULL,NULL,NULL),

(1877,'',1,'09:00:00',60,'2016-04-29',66,NULL,'pt',0,'',NULL,NULL,NULL),

(1878,'',1,'09:00:00',60,'2016-04-28',66,NULL,'pt',0,'',NULL,NULL,NULL),

(1879,'',1,'09:00:00',60,'2016-04-27',66,NULL,'pt',0,'',NULL,NULL,NULL),

(1880,'',1,'09:00:00',60,'2016-04-26',66,NULL,'pt',0,'',NULL,NULL,NULL),

(1881,'',1,'09:00:00',60,'2016-04-25',66,NULL,'pt',0,'',NULL,NULL,NULL),

(1882,'',3,'11:00:00',60,'2016-05-02',66,NULL,'pt',0,'',NULL,NULL,NULL),

(1883,'',3,'11:00:00',60,'2016-05-03',66,NULL,'pt',0,'',NULL,NULL,NULL),

(1884,'',3,'11:00:00',60,'2016-05-04',66,NULL,'pt',0,'',NULL,NULL,NULL),

(1885,'',3,'11:00:00',60,'2016-05-05',66,NULL,'pt',0,'',NULL,NULL,NULL),

(1886,'',3,'11:00:00',60,'2016-05-06',66,NULL,'pt',0,'',NULL,NULL,NULL),

(1887,'',3,'12:00:00',60,'2016-05-06',66,NULL,'pt',0,'',NULL,NULL,NULL),

(1888,'',3,'12:00:00',60,'2016-05-05',66,NULL,'pt',0,'',NULL,NULL,NULL),

(1889,'',3,'12:00:00',60,'2016-05-04',66,NULL,'pt',0,'',NULL,NULL,NULL),

(1890,'',3,'12:00:00',60,'2016-05-03',66,NULL,'pt',0,'',NULL,NULL,NULL),

(1891,'',3,'12:00:00',60,'2016-05-02',66,NULL,'pt',0,'',NULL,NULL,NULL),

(1892,'',3,'13:00:00',60,'2016-05-02',66,NULL,'pt',0,'',NULL,NULL,NULL),

(1893,'',3,'13:00:00',60,'2016-05-03',66,NULL,'pt',0,'',NULL,NULL,NULL),

(1894,'',3,'13:00:00',60,'2016-05-04',66,NULL,'pt',0,'',NULL,NULL,NULL),

(1895,'',3,'13:00:00',60,'2016-05-05',66,NULL,'pt',0,'',NULL,NULL,NULL),

(1896,'',3,'13:00:00',60,'2016-05-06',66,NULL,'pt',0,'',NULL,NULL,NULL),

(1897,'',3,'14:00:00',60,'2016-05-06',66,NULL,'pt',0,'',NULL,NULL,NULL),

(1898,'',3,'14:00:00',60,'2016-05-05',66,NULL,'pt',0,'',NULL,NULL,NULL),

(1899,'',3,'14:00:00',60,'2016-05-04',66,NULL,'pt',0,'',NULL,NULL,NULL),

(1900,'',3,'14:00:00',60,'2016-05-03',66,NULL,'pt',0,'',NULL,NULL,NULL),

(1901,'',3,'14:00:00',60,'2016-05-02',66,NULL,'pt',0,'',NULL,NULL,NULL),

(1902,'',3,'15:00:00',60,'2016-05-02',66,NULL,'pt',0,'',NULL,NULL,NULL),

(1903,'',3,'15:00:00',60,'2016-05-03',66,NULL,'pt',0,'',NULL,NULL,NULL),

(1904,'',3,'15:00:00',60,'2016-05-04',66,NULL,'pt',0,'',NULL,NULL,NULL),

(1905,'',3,'15:00:00',60,'2016-05-05',66,NULL,'pt',0,'',NULL,NULL,NULL),

(1906,'',3,'15:00:00',60,'2016-05-06',66,NULL,'pt',0,'',NULL,NULL,NULL),

(1907,'',3,'16:00:00',60,'2016-05-06',66,NULL,'pt',0,'',NULL,NULL,NULL),

(1908,'',3,'16:00:00',60,'2016-05-05',66,NULL,'pt',0,'',NULL,NULL,NULL),

(1909,'',3,'16:00:00',60,'2016-05-04',66,NULL,'pt',0,'',NULL,NULL,NULL),

(1910,'',3,'16:00:00',60,'2016-05-03',66,NULL,'pt',0,'',NULL,NULL,NULL),

(1911,'',3,'16:00:00',60,'2016-05-02',66,NULL,'pt',0,'',NULL,NULL,NULL),

(1912,'',2,'18:00:00',60,'2016-05-02',66,NULL,'pt',0,'',NULL,NULL,NULL),

(1913,'',2,'18:00:00',60,'2016-05-03',66,NULL,'pt',0,'',NULL,NULL,NULL),

(1914,'',2,'18:00:00',60,'2016-05-04',66,NULL,'pt',0,'',NULL,NULL,NULL),

(1915,'',2,'18:00:00',60,'2016-05-05',66,NULL,'pt',0,'',NULL,NULL,NULL),

(1916,'',2,'18:00:00',60,'2016-05-06',66,NULL,'pt',0,'',NULL,NULL,NULL),

(1917,'',2,'19:00:00',60,'2016-05-06',66,NULL,'pt',0,'',NULL,NULL,NULL),

(1918,'',2,'19:00:00',60,'2016-05-05',66,NULL,'pt',0,'',NULL,NULL,NULL),

(1919,'',2,'19:00:00',60,'2016-05-04',66,NULL,'pt',0,'',NULL,NULL,NULL),

(1920,'',2,'19:00:00',60,'2016-05-03',66,NULL,'pt',0,'',NULL,NULL,NULL),

(1921,'',2,'19:00:00',60,'2016-05-02',66,NULL,'pt',0,'',NULL,NULL,NULL),

(1922,'',1,'06:00:00',60,'2016-05-02',66,NULL,'pt',0,'',NULL,NULL,NULL),

(1923,'',1,'06:00:00',60,'2016-05-03',66,NULL,'pt',0,'',NULL,NULL,NULL),

(1924,'',1,'06:00:00',60,'2016-05-04',66,NULL,'pt',0,'',NULL,NULL,NULL),

(1925,'',1,'06:00:00',60,'2016-05-05',66,NULL,'pt',0,'',NULL,NULL,NULL),

(1926,'',1,'06:00:00',60,'2016-05-06',66,NULL,'pt',0,'',NULL,NULL,NULL),

(1927,'',1,'07:00:00',60,'2016-05-06',66,NULL,'pt',0,'',NULL,NULL,NULL),

(1928,'',1,'07:00:00',60,'2016-05-05',66,NULL,'pt',0,'',NULL,NULL,NULL),

(1929,'',1,'07:00:00',60,'2016-05-04',66,NULL,'pt',0,'',NULL,NULL,NULL),

(1930,'',1,'07:00:00',60,'2016-05-03',66,NULL,'pt',0,'',NULL,NULL,NULL),

(1931,'',1,'07:00:00',60,'2016-05-02',66,NULL,'pt',0,'',NULL,NULL,NULL),

(1932,'',1,'08:00:00',60,'2016-05-02',66,NULL,'pt',0,'',NULL,NULL,NULL),

(1933,'',1,'08:00:00',60,'2016-05-03',66,NULL,'pt',0,'',NULL,NULL,NULL),

(1934,'',1,'08:00:00',60,'2016-05-04',66,NULL,'pt',0,'',NULL,NULL,NULL),

(1935,'',1,'08:00:00',60,'2016-05-05',66,NULL,'pt',0,'',NULL,NULL,NULL),

(1936,'',1,'08:00:00',60,'2016-05-06',66,NULL,'pt',0,'',NULL,NULL,NULL),

(1937,'',1,'09:00:00',60,'2016-05-06',66,NULL,'pt',0,'',NULL,NULL,NULL),

(1938,'',1,'09:00:00',60,'2016-05-05',66,NULL,'pt',0,'',NULL,NULL,NULL),

(1939,'',1,'09:00:00',60,'2016-05-04',66,NULL,'pt',0,'',NULL,NULL,NULL),

(1940,'',1,'09:00:00',60,'2016-05-03',66,NULL,'pt',0,'',NULL,NULL,NULL),

(1941,'',1,'09:00:00',60,'2016-05-02',66,NULL,'pt',0,'',NULL,NULL,NULL),

(1942,'',3,'11:00:00',60,'2016-05-09',66,NULL,'pt',0,'',NULL,NULL,NULL),

(1943,'',3,'11:00:00',60,'2016-05-10',66,NULL,'pt',0,'',NULL,NULL,NULL),

(1944,'',3,'11:00:00',60,'2016-05-11',66,NULL,'pt',0,'',NULL,NULL,NULL),

(1945,'',3,'11:00:00',60,'2016-05-12',66,NULL,'pt',0,'',NULL,NULL,NULL),

(1946,'',3,'11:00:00',60,'2016-05-13',66,NULL,'pt',0,'',NULL,NULL,NULL),

(1947,'',3,'12:00:00',60,'2016-05-13',66,NULL,'pt',0,'',NULL,NULL,NULL),

(1948,'',3,'12:00:00',60,'2016-05-12',66,NULL,'pt',0,'',NULL,NULL,NULL),

(1949,'',3,'12:00:00',60,'2016-05-11',66,NULL,'pt',0,'',NULL,NULL,NULL),

(1950,'',3,'12:00:00',60,'2016-05-10',66,NULL,'pt',0,'',NULL,NULL,NULL),

(1951,'',3,'12:00:00',60,'2016-05-09',66,NULL,'pt',0,'',NULL,NULL,NULL),

(1952,'',3,'13:00:00',60,'2016-05-09',66,NULL,'pt',0,'',NULL,NULL,NULL),

(1953,'',3,'13:00:00',60,'2016-05-10',66,NULL,'pt',0,'',NULL,NULL,NULL),

(1954,'',3,'13:00:00',60,'2016-05-11',66,NULL,'pt',0,'',NULL,NULL,NULL),

(1955,'',3,'13:00:00',60,'2016-05-12',66,NULL,'pt',0,'',NULL,NULL,NULL),

(1956,'',3,'13:00:00',60,'2016-05-13',66,NULL,'pt',0,'',NULL,NULL,NULL),

(1957,'',3,'14:00:00',60,'2016-05-13',66,NULL,'pt',0,'',NULL,NULL,NULL),

(1958,'',3,'14:00:00',60,'2016-05-12',66,NULL,'pt',0,'',NULL,NULL,NULL),

(1959,'',3,'14:00:00',60,'2016-05-11',66,NULL,'pt',0,'',NULL,NULL,NULL),

(1960,'',3,'14:00:00',60,'2016-05-10',66,NULL,'pt',0,'',NULL,NULL,NULL),

(1961,'',3,'14:00:00',60,'2016-05-09',66,NULL,'pt',0,'',NULL,NULL,NULL),

(1962,'',3,'15:00:00',60,'2016-05-09',66,NULL,'pt',0,'',NULL,NULL,NULL),

(1963,'',3,'15:00:00',60,'2016-05-10',66,NULL,'pt',0,'',NULL,NULL,NULL),

(1964,'',3,'15:00:00',60,'2016-05-11',66,NULL,'pt',0,'',NULL,NULL,NULL),

(1965,'',3,'15:00:00',60,'2016-05-12',66,NULL,'pt',0,'',NULL,NULL,NULL),

(1966,'',3,'15:00:00',60,'2016-05-13',66,NULL,'pt',0,'',NULL,NULL,NULL),

(1967,'',3,'16:00:00',60,'2016-05-13',66,NULL,'pt',0,'',NULL,NULL,NULL),

(1968,'',3,'16:00:00',60,'2016-05-12',66,NULL,'pt',0,'',NULL,NULL,NULL),

(1969,'',3,'16:00:00',60,'2016-05-11',66,NULL,'pt',0,'',NULL,NULL,NULL),

(1970,'',3,'16:00:00',60,'2016-05-10',66,NULL,'pt',0,'',NULL,NULL,NULL),

(1971,'',3,'16:00:00',60,'2016-05-09',66,NULL,'pt',0,'',NULL,NULL,NULL),

(1972,'',2,'18:00:00',60,'2016-05-09',66,NULL,'pt',0,'',NULL,NULL,NULL),

(1973,'',2,'18:00:00',60,'2016-05-10',66,NULL,'pt',0,'',NULL,NULL,NULL),

(1974,'',2,'18:00:00',60,'2016-05-11',66,NULL,'pt',0,'',NULL,NULL,NULL),

(1975,'',2,'18:00:00',60,'2016-05-12',66,NULL,'pt',0,'',NULL,NULL,NULL),

(1976,'',2,'18:00:00',60,'2016-05-13',66,NULL,'pt',0,'',NULL,NULL,NULL),

(1977,'',2,'19:00:00',60,'2016-05-13',66,NULL,'pt',0,'',NULL,NULL,NULL),

(1978,'',2,'19:00:00',60,'2016-05-12',66,NULL,'pt',0,'',NULL,NULL,NULL),

(1979,'',2,'19:00:00',60,'2016-05-11',66,NULL,'pt',0,'',NULL,NULL,NULL),

(1980,'',2,'19:00:00',60,'2016-05-10',66,NULL,'pt',0,'',NULL,NULL,NULL),

(1981,'',2,'19:00:00',60,'2016-05-09',66,NULL,'pt',0,'',NULL,NULL,NULL),

(1982,'',1,'06:00:00',60,'2016-05-09',66,NULL,'pt',0,'',NULL,NULL,NULL),

(1983,'',1,'06:00:00',60,'2016-05-10',66,NULL,'pt',0,'',NULL,NULL,NULL),

(1984,'',1,'06:00:00',60,'2016-05-11',66,NULL,'pt',0,'',NULL,NULL,NULL),

(1985,'',1,'06:00:00',60,'2016-05-12',66,NULL,'pt',0,'',NULL,NULL,NULL),

(1986,'',1,'06:00:00',60,'2016-05-13',66,NULL,'pt',0,'',NULL,NULL,NULL),

(1987,'',1,'07:00:00',60,'2016-05-13',66,NULL,'pt',0,'',NULL,NULL,NULL),

(1988,'',1,'07:00:00',60,'2016-05-12',66,NULL,'pt',0,'',NULL,NULL,NULL),

(1989,'',1,'07:00:00',60,'2016-05-11',66,NULL,'pt',0,'',NULL,NULL,NULL),

(1990,'',1,'07:00:00',60,'2016-05-10',66,NULL,'pt',0,'',NULL,NULL,NULL),

(1991,'',1,'07:00:00',60,'2016-05-09',66,NULL,'pt',0,'',NULL,NULL,NULL),

(1992,'',1,'08:00:00',60,'2016-05-09',66,NULL,'pt',0,'',NULL,NULL,NULL),

(1993,'',1,'08:00:00',60,'2016-05-10',66,NULL,'pt',0,'',NULL,NULL,NULL),

(1994,'',1,'08:00:00',60,'2016-05-11',66,NULL,'pt',0,'',NULL,NULL,NULL),

(1995,'',1,'08:00:00',60,'2016-05-12',66,NULL,'pt',0,'',NULL,NULL,NULL),

(1996,'',1,'08:00:00',60,'2016-05-13',66,NULL,'pt',0,'',NULL,NULL,NULL),

(1997,'',1,'09:00:00',60,'2016-05-13',66,NULL,'pt',0,'',NULL,NULL,NULL),

(1998,'',1,'09:00:00',60,'2016-05-12',66,NULL,'pt',0,'',NULL,NULL,NULL),

(1999,'',1,'09:00:00',60,'2016-05-11',66,NULL,'pt',0,'',NULL,NULL,NULL),

(2000,'',1,'09:00:00',60,'2016-05-10',66,NULL,'pt',0,'',NULL,NULL,NULL),

(2001,'',1,'09:00:00',60,'2016-05-09',66,NULL,'pt',0,'',NULL,NULL,NULL),

(2041,'',2,'19:00:00',60,'2016-04-25',66,NULL,'pt',0,'',NULL,NULL,NULL),

(2063,'',3,'11:00:00',60,'2016-05-17',66,NULL,'pt',0,'',NULL,NULL,NULL),

(2064,'',3,'11:00:00',60,'2016-05-18',66,NULL,'pt',0,'',NULL,NULL,NULL),

(2065,'',3,'11:00:00',60,'2016-05-19',66,NULL,'pt',0,'',NULL,NULL,NULL),

(2066,'',3,'11:00:00',60,'2016-05-20',66,NULL,'pt',0,'',NULL,NULL,NULL),

(2067,'',3,'12:00:00',60,'2016-05-20',66,NULL,'pt',0,'',NULL,NULL,NULL),

(2068,'',3,'12:00:00',60,'2016-05-19',66,NULL,'pt',0,'',NULL,NULL,NULL),

(2069,'',3,'12:00:00',60,'2016-05-18',66,NULL,'pt',0,'',NULL,NULL,NULL),

(2070,'',3,'12:00:00',60,'2016-05-17',66,NULL,'pt',0,'',NULL,NULL,NULL),

(2073,'',3,'13:00:00',60,'2016-05-17',66,NULL,'pt',0,'',NULL,NULL,NULL),

(2074,'',3,'13:00:00',60,'2016-05-18',66,NULL,'pt',0,'',NULL,NULL,NULL),

(2075,'',3,'13:00:00',60,'2016-05-19',66,NULL,'pt',0,'',NULL,NULL,NULL),

(2076,'',3,'13:00:00',60,'2016-05-20',66,NULL,'pt',0,'',NULL,NULL,NULL),

(2077,'',3,'14:00:00',60,'2016-05-20',66,NULL,'pt',0,'',NULL,NULL,NULL),

(2078,'',3,'14:00:00',60,'2016-05-19',66,NULL,'pt',0,'',NULL,NULL,NULL),

(2079,'',3,'14:00:00',60,'2016-05-18',66,NULL,'pt',0,'',NULL,NULL,NULL),

(2080,'',3,'14:00:00',60,'2016-05-17',66,NULL,'pt',0,'',NULL,NULL,NULL),

(2081,'',3,'14:00:00',60,'2016-05-16',66,NULL,'pt',0,'',NULL,NULL,NULL),

(2082,'',3,'15:00:00',60,'2016-05-16',66,NULL,'pt',0,'',NULL,NULL,NULL),

(2083,'',3,'15:00:00',60,'2016-05-17',66,NULL,'pt',0,'',NULL,NULL,NULL),

(2084,'',3,'15:00:00',60,'2016-05-18',66,NULL,'pt',0,'',NULL,NULL,NULL),

(2085,'',3,'15:00:00',60,'2016-05-19',66,NULL,'pt',0,'',NULL,NULL,NULL),

(2086,'',3,'15:00:00',60,'2016-05-20',66,NULL,'pt',0,'',NULL,NULL,NULL),

(2087,'',3,'16:00:00',60,'2016-05-20',66,NULL,'pt',0,'',NULL,NULL,NULL),

(2088,'',3,'16:00:00',60,'2016-05-19',66,NULL,'pt',0,'',NULL,NULL,NULL),

(2089,'',3,'16:00:00',60,'2016-05-18',66,NULL,'pt',0,'',NULL,NULL,NULL),

(2090,'',3,'16:00:00',60,'2016-05-17',66,NULL,'pt',0,'',NULL,NULL,NULL),

(2091,'',3,'16:00:00',60,'2016-05-16',66,NULL,'pt',0,'',NULL,NULL,NULL),

(2092,'',2,'18:00:00',60,'2016-05-16',66,NULL,'pt',0,'',NULL,NULL,NULL),

(2093,'',2,'18:00:00',60,'2016-05-17',66,NULL,'pt',0,'',NULL,NULL,NULL),

(2094,'',2,'18:00:00',60,'2016-05-18',66,NULL,'pt',0,'',NULL,NULL,NULL),

(2095,'',2,'18:00:00',60,'2016-05-19',66,NULL,'pt',0,'',NULL,NULL,NULL),

(2096,'',2,'18:00:00',60,'2016-05-20',66,NULL,'pt',0,'',NULL,NULL,NULL),

(2097,'',2,'19:00:00',60,'2016-05-20',66,NULL,'pt',0,'',NULL,NULL,NULL),

(2098,'',2,'19:00:00',60,'2016-05-19',66,NULL,'pt',0,'',NULL,NULL,NULL),

(2099,'',2,'19:00:00',60,'2016-05-18',66,NULL,'pt',0,'',NULL,NULL,NULL),

(2100,'',2,'19:00:00',60,'2016-05-17',66,NULL,'pt',0,'',NULL,NULL,NULL),

(2101,'',2,'19:00:00',60,'2016-05-16',66,NULL,'pt',0,'',NULL,NULL,NULL),

(2102,'',1,'06:00:00',60,'2016-05-16',66,NULL,'pt',0,'',NULL,NULL,NULL),

(2105,'',1,'06:00:00',60,'2016-05-19',66,NULL,'pt',0,'',NULL,NULL,NULL),

(2106,'',1,'06:00:00',60,'2016-05-20',66,NULL,'pt',0,'',NULL,NULL,NULL),

(2107,'',1,'07:00:00',60,'2016-05-20',66,NULL,'pt',0,'',NULL,NULL,NULL),

(2108,'',1,'07:00:00',60,'2016-05-19',66,NULL,'pt',0,'',NULL,NULL,NULL),

(2109,'',1,'07:00:00',60,'2016-05-18',66,NULL,'pt',0,'',NULL,NULL,NULL),

(2114,'',1,'08:00:00',60,'2016-05-18',66,NULL,'pt',0,'',NULL,NULL,NULL),

(2115,'',1,'08:00:00',60,'2016-05-19',66,NULL,'pt',0,'',NULL,NULL,NULL),

(2116,'',1,'08:00:00',60,'2016-05-20',66,NULL,'pt',0,'',NULL,NULL,NULL),

(2117,'',1,'09:00:00',60,'2016-05-20',66,NULL,'pt',0,'',NULL,NULL,NULL),

(2118,'',1,'09:00:00',60,'2016-05-19',66,NULL,'pt',0,'',NULL,NULL,NULL),

(2119,'',1,'09:00:00',60,'2016-05-18',66,NULL,'pt',0,'',NULL,NULL,NULL),

(2122,'',1,'06:00:00',45,'2016-05-04',66,NULL,'pt',1,'New',1,'#db35cf',NULL),

(2123,'',1,'06:00:00',45,'2016-05-11',66,NULL,'pt',1,'New',1,'#db35cf',NULL),

(2125,'',1,'06:00:00',45,'2016-05-25',66,NULL,'pt',1,'New',NULL,'#db35cf',NULL),

(2126,'',1,'06:00:00',45,'2016-06-01',66,NULL,'pt',1,'New',NULL,'#db35cf',NULL),

(2130,'',1,'06:00:00',45,'2016-06-29',66,NULL,'pt',1,'New',1,'#db35cf',NULL),

(2132,'',1,'06:00:00',45,'2016-07-13',66,NULL,'pt',1,'New',1,'#db35cf',NULL),

(2133,'',1,'06:00:00',45,'2016-07-20',66,NULL,'pt',1,'New',1,'#db35cf',NULL),

(2134,'',1,'06:00:00',45,'2016-07-27',66,NULL,'pt',1,'New',1,'#db35cf',NULL),

(2135,'',1,'06:00:00',45,'2016-08-03',66,NULL,'pt',1,'New',1,'#db35cf',NULL),

(2136,'',1,'06:00:00',45,'2016-08-10',66,NULL,'pt',1,'New',1,'#db35cf',NULL),

(2137,'',1,'06:00:00',45,'2016-08-17',66,NULL,'pt',1,'New',1,'#db35cf',NULL),

(2138,'',1,'06:00:00',45,'2016-08-24',66,NULL,'pt',1,'New',1,'#db35cf',NULL),

(2139,'',1,'06:00:00',45,'2016-08-31',66,NULL,'pt',1,'New',1,'#db35cf',NULL),

(2140,'',1,'06:00:00',45,'2016-09-07',66,NULL,'pt',1,'New',1,'#db35cf',NULL),

(2141,'',1,'06:00:00',45,'2016-09-14',66,NULL,'pt',1,'New',1,'#db35cf',NULL),

(2142,'',1,'06:00:00',45,'2016-05-18',66,NULL,'pt',1,'New',NULL,'#db35cf',NULL),

(2256,'',6,'05:00:00',60,'2016-04-27',70,NULL,'pt',0,'',NULL,NULL,NULL),

(2257,'',6,'05:00:00',60,'2016-04-28',70,NULL,'pt',0,'',NULL,NULL,NULL),

(2258,'',6,'05:00:00',60,'2016-04-29',70,NULL,'pt',0,'',NULL,NULL,NULL),

(2259,'',6,'06:00:00',60,'2016-04-29',70,NULL,'pt',0,'',NULL,NULL,NULL),

(2260,'',6,'06:00:00',60,'2016-04-28',70,NULL,'pt',0,'',NULL,NULL,NULL),

(2261,'',6,'06:00:00',60,'2016-04-27',70,NULL,'pt',0,'',NULL,NULL,NULL),

(2262,'',6,'07:00:00',60,'2016-04-29',70,NULL,'pt',0,'',NULL,NULL,NULL),

(2263,'',6,'07:00:00',60,'2016-04-28',70,NULL,'pt',0,'',NULL,NULL,NULL),

(2264,'',6,'07:00:00',60,'2016-04-27',70,NULL,'pt',0,'',NULL,NULL,NULL),

(2265,'',6,'08:00:00',60,'2016-04-28',70,NULL,'pt',0,'',NULL,NULL,NULL),

(2266,'',6,'08:00:00',60,'2016-04-27',70,NULL,'pt',0,'',NULL,NULL,NULL),

(2267,'',6,'08:00:00',60,'2016-04-29',70,NULL,'pt',0,'',NULL,NULL,NULL),

(2268,'',6,'09:00:00',60,'2016-04-29',70,NULL,'pt',0,'',NULL,NULL,NULL),

(2269,'',6,'09:00:00',60,'2016-04-28',70,NULL,'pt',0,'',NULL,NULL,NULL),

(2270,'',6,'09:00:00',60,'2016-04-27',70,NULL,'pt',0,'',NULL,NULL,NULL),

(2271,'',6,'05:00:00',60,'2016-05-04',70,NULL,'pt',0,'',NULL,NULL,NULL),

(2272,'',6,'05:00:00',60,'2016-05-05',70,NULL,'pt',0,'',NULL,NULL,NULL),

(2273,'',6,'05:00:00',60,'2016-05-06',70,NULL,'pt',0,'',NULL,NULL,NULL),

(2274,'',6,'06:00:00',60,'2016-05-06',70,NULL,'pt',0,'',NULL,NULL,NULL),

(2275,'',6,'06:00:00',60,'2016-05-05',70,NULL,'pt',0,'',NULL,NULL,NULL),

(2276,'',6,'06:00:00',60,'2016-05-04',70,NULL,'pt',0,'',NULL,NULL,NULL),

(2277,'',6,'07:00:00',60,'2016-05-06',70,NULL,'pt',0,'',NULL,NULL,NULL),

(2278,'',6,'07:00:00',60,'2016-05-05',70,NULL,'pt',0,'',NULL,NULL,NULL),

(2279,'',6,'07:00:00',60,'2016-05-04',70,NULL,'pt',0,'',NULL,NULL,NULL),

(2280,'',6,'08:00:00',60,'2016-05-05',70,NULL,'pt',0,'',NULL,NULL,NULL),

(2281,'',6,'08:00:00',60,'2016-05-04',70,NULL,'pt',0,'',NULL,NULL,NULL),

(2282,'',6,'08:00:00',60,'2016-05-06',70,NULL,'pt',0,'',NULL,NULL,NULL),

(2283,'',6,'09:00:00',60,'2016-05-06',70,NULL,'pt',0,'',NULL,NULL,NULL),

(2284,'',6,'09:00:00',60,'2016-05-05',70,NULL,'pt',0,'',NULL,NULL,NULL),

(2285,'',6,'09:00:00',60,'2016-05-04',70,NULL,'pt',0,'',NULL,NULL,NULL),

(2301,'',6,'05:00:00',60,'2016-05-11',70,NULL,'pt',0,'',NULL,NULL,NULL),

(2302,'',6,'05:00:00',60,'2016-05-12',70,NULL,'pt',0,'',NULL,NULL,NULL),

(2303,'',6,'05:00:00',60,'2016-05-13',70,NULL,'pt',0,'',NULL,NULL,NULL),

(2304,'',6,'06:00:00',60,'2016-05-13',70,NULL,'pt',0,'',NULL,NULL,NULL),

(2305,'',6,'06:00:00',60,'2016-05-12',70,NULL,'pt',0,'',NULL,NULL,NULL),

(2306,'',6,'06:00:00',60,'2016-05-11',70,NULL,'pt',0,'',NULL,NULL,NULL),

(2307,'',6,'07:00:00',60,'2016-05-13',70,NULL,'pt',0,'',NULL,NULL,NULL),

(2308,'',6,'07:00:00',60,'2016-05-12',70,NULL,'pt',0,'',NULL,NULL,NULL),

(2309,'',6,'07:00:00',60,'2016-05-11',70,NULL,'pt',0,'',NULL,NULL,NULL),

(2310,'',6,'08:00:00',60,'2016-05-12',70,NULL,'pt',0,'',NULL,NULL,NULL),

(2311,'',6,'08:00:00',60,'2016-05-11',70,NULL,'pt',0,'',NULL,NULL,NULL),

(2312,'',6,'08:00:00',60,'2016-05-13',70,NULL,'pt',0,'',NULL,NULL,NULL),

(2313,'',6,'09:00:00',60,'2016-05-13',70,NULL,'pt',0,'',NULL,NULL,NULL),

(2314,'',6,'09:00:00',60,'2016-05-12',70,NULL,'pt',0,'',NULL,NULL,NULL),

(2315,'',6,'09:00:00',60,'2016-05-11',70,NULL,'pt',0,'',NULL,NULL,NULL),

(2667,'',8,'10:00:00',60,'2016-04-26',104,NULL,'pt',0,'',NULL,NULL,NULL),

(2668,'',8,'10:00:00',60,'2016-04-27',104,NULL,'pt',0,'',NULL,NULL,NULL),

(2669,'',7,'10:00:00',60,'2016-04-30',104,NULL,'pt',0,'',NULL,NULL,NULL),

(2670,'',8,'11:00:00',60,'2016-04-26',104,NULL,'pt',0,'',NULL,NULL,NULL),

(2671,'',8,'11:00:00',60,'2016-04-27',104,NULL,'pt',0,'',NULL,NULL,NULL),

(2672,'',7,'11:00:00',60,'2016-04-30',104,NULL,'pt',0,'',NULL,NULL,NULL),

(2673,'',8,'12:00:00',60,'2016-04-26',104,NULL,'pt',0,'',NULL,NULL,NULL),

(2674,'',8,'12:00:00',60,'2016-04-27',104,NULL,'pt',0,'',NULL,NULL,NULL),

(2675,'',7,'12:00:00',60,'2016-04-30',104,NULL,'pt',0,'',NULL,NULL,NULL),

(2676,'',8,'13:00:00',60,'2016-04-26',104,NULL,'pt',0,'',NULL,NULL,NULL),

(2677,'',8,'13:00:00',60,'2016-04-27',104,NULL,'pt',0,'',NULL,NULL,NULL),

(2678,'',7,'13:00:00',60,'2016-04-30',104,NULL,'pt',0,'',NULL,NULL,NULL),

(2679,'',8,'14:00:00',60,'2016-04-26',104,NULL,'pt',0,'',NULL,NULL,NULL),

(2680,'',8,'14:00:00',60,'2016-04-27',104,NULL,'pt',0,'',NULL,NULL,NULL),

(2681,'',7,'14:00:00',60,'2016-04-30',104,NULL,'pt',0,'',NULL,NULL,NULL),

(2682,'',8,'15:00:00',60,'2016-04-26',104,NULL,'pt',0,'',NULL,NULL,NULL),

(2683,'',8,'15:00:00',60,'2016-04-27',104,NULL,'pt',0,'',NULL,NULL,NULL),

(2684,'',7,'15:00:00',60,'2016-04-30',104,NULL,'pt',0,'',NULL,NULL,NULL),

(2685,'',8,'16:00:00',60,'2016-04-26',104,NULL,'pt',0,'',NULL,NULL,NULL),

(2686,'',8,'16:00:00',60,'2016-04-27',104,NULL,'pt',0,'',NULL,NULL,NULL),

(2687,'',7,'16:00:00',60,'2016-04-30',104,NULL,'pt',0,'',NULL,NULL,NULL),

(2688,'',8,'17:00:00',60,'2016-04-26',104,NULL,'pt',0,'',NULL,NULL,NULL),

(2689,'',8,'17:00:00',60,'2016-04-27',104,NULL,'pt',0,'',NULL,NULL,NULL),

(2690,'',7,'17:00:00',60,'2016-04-30',104,NULL,'pt',0,'',NULL,NULL,NULL),

(2691,'',8,'18:00:00',60,'2016-04-26',104,NULL,'pt',0,'',NULL,NULL,NULL),

(2692,'',8,'18:00:00',60,'2016-04-27',104,NULL,'pt',0,'',NULL,NULL,NULL),

(3710,'',9,'11:00:00',60,'2016-05-04',107,NULL,'pt',0,'',NULL,NULL,NULL),

(3711,'',9,'11:00:00',60,'2016-05-06',107,NULL,'pt',0,'',NULL,NULL,NULL),

(3712,'',9,'11:00:00',60,'2016-05-05',107,NULL,'pt',0,'',NULL,NULL,NULL),

(3713,'',9,'11:00:00',60,'2016-05-07',107,NULL,'pt',0,'',NULL,NULL,NULL),

(3714,'',9,'12:00:00',60,'2016-05-05',107,NULL,'pt',0,'',NULL,NULL,NULL),

(3715,'',9,'12:00:00',60,'2016-05-06',107,NULL,'pt',0,'',NULL,NULL,NULL),

(3716,'',9,'12:00:00',60,'2016-05-07',107,NULL,'pt',0,'',NULL,NULL,NULL),

(3717,'',9,'12:00:00',60,'2016-05-04',107,NULL,'pt',0,'',NULL,NULL,NULL),

(3718,'',9,'13:00:00',60,'2016-05-05',107,NULL,'pt',0,'',NULL,NULL,NULL),

(3719,'',9,'13:00:00',60,'2016-05-06',107,NULL,'pt',0,'',NULL,NULL,NULL),

(3720,'',9,'13:00:00',60,'2016-05-07',107,NULL,'pt',0,'',NULL,NULL,NULL),

(3721,'',9,'13:00:00',60,'2016-05-04',107,NULL,'pt',0,'',NULL,NULL,NULL),

(3722,'',9,'14:00:00',60,'2016-05-05',107,NULL,'pt',0,'',NULL,NULL,NULL),

(3723,'',9,'14:00:00',60,'2016-05-06',107,NULL,'pt',0,'',NULL,NULL,NULL),

(3724,'',9,'14:00:00',60,'2016-05-07',107,NULL,'pt',0,'',NULL,NULL,NULL),

(3725,'',9,'14:00:00',60,'2016-05-04',107,NULL,'pt',0,'',NULL,NULL,NULL),

(3726,'',9,'15:00:00',60,'2016-05-05',107,NULL,'pt',0,'',NULL,NULL,NULL),

(3727,'',9,'15:00:00',60,'2016-05-06',107,NULL,'pt',0,'',NULL,NULL,NULL),

(3728,'',9,'15:00:00',60,'2016-05-07',107,NULL,'pt',0,'',NULL,NULL,NULL),

(3729,'',9,'15:00:00',60,'2016-05-04',107,NULL,'pt',0,'',NULL,NULL,NULL),

(3730,'',9,'16:00:00',60,'2016-05-06',107,NULL,'pt',0,'',NULL,NULL,NULL),

(3731,'',9,'16:00:00',60,'2016-05-05',107,NULL,'pt',0,'',NULL,NULL,NULL),

(3732,'',9,'16:00:00',60,'2016-05-07',107,NULL,'pt',0,'',NULL,NULL,NULL),

(3733,'',9,'16:00:00',60,'2016-05-04',107,NULL,'pt',0,'',NULL,NULL,NULL),

(3734,'',9,'17:00:00',60,'2016-05-06',107,NULL,'pt',0,'',NULL,NULL,NULL),

(3735,'',9,'17:00:00',60,'2016-05-05',107,NULL,'pt',0,'',NULL,NULL,NULL),

(3736,'',9,'17:00:00',60,'2016-05-07',107,NULL,'pt',0,'',NULL,NULL,NULL),

(3737,'',9,'17:00:00',60,'2016-05-04',107,NULL,'pt',0,'',NULL,NULL,NULL),

(3738,'',9,'18:00:00',60,'2016-05-06',107,NULL,'pt',0,'',NULL,NULL,NULL),

(3739,'',9,'18:00:00',60,'2016-05-05',107,NULL,'pt',0,'',NULL,NULL,NULL),

(3740,'',9,'18:00:00',60,'2016-05-07',107,NULL,'pt',0,'',NULL,NULL,NULL),

(3741,'',9,'18:00:00',60,'2016-05-04',107,NULL,'pt',0,'',NULL,NULL,NULL),

(3742,'',9,'19:00:00',60,'2016-05-06',107,NULL,'pt',0,'',NULL,NULL,NULL),

(3743,'',9,'19:00:00',60,'2016-05-05',107,NULL,'pt',0,'',NULL,NULL,NULL),

(3744,'',9,'19:00:00',60,'2016-05-04',107,NULL,'pt',0,'',NULL,NULL,NULL),

(3745,'',9,'19:00:00',60,'2016-05-07',107,NULL,'pt',0,'',NULL,NULL,NULL),

(3746,'',9,'20:00:00',60,'2016-05-05',107,NULL,'pt',0,'',NULL,NULL,NULL),

(3747,'',9,'20:00:00',60,'2016-05-06',107,NULL,'pt',0,'',NULL,NULL,NULL),

(3748,'',9,'20:00:00',60,'2016-05-04',107,NULL,'pt',0,'',NULL,NULL,NULL),

(3749,'',9,'20:00:00',60,'2016-05-07',107,NULL,'pt',0,'',NULL,NULL,NULL),

(3750,'',9,'21:00:00',60,'2016-05-05',107,NULL,'pt',0,'',NULL,NULL,NULL),

(3751,'',9,'21:00:00',60,'2016-05-06',107,NULL,'pt',0,'',NULL,NULL,NULL),

(3752,'',9,'21:00:00',60,'2016-05-04',107,NULL,'pt',0,'',NULL,NULL,NULL),

(3753,'',9,'21:00:00',60,'2016-05-07',107,NULL,'pt',0,'',NULL,NULL,NULL),

(3807,'',3,'06:00:00',60,'2016-05-17',66,NULL,'pt',0,'',NULL,NULL,NULL),

(3808,'',1,'06:00:00',60,'2016-05-21',66,NULL,'pt',0,'',NULL,NULL,NULL),

(3809,'',3,'06:00:00',30,'2016-05-22',66,NULL,'pt',0,'',NULL,NULL,NULL),

(3810,'',3,'07:00:00',60,'2016-05-17',66,NULL,'pt',0,'',NULL,NULL,NULL),

(3811,'',2,'07:00:00',60,'2016-05-21',66,NULL,'pt',0,'',NULL,NULL,NULL),

(3812,'',3,'07:00:00',30,'2016-05-22',66,NULL,'pt',0,'',NULL,NULL,NULL),

(3813,'',3,'08:00:00',60,'2016-05-17',66,NULL,'pt',0,'',NULL,NULL,NULL),

(3814,'',3,'08:00:00',60,'2016-05-21',66,NULL,'pt',0,'',NULL,NULL,NULL),

(3815,'',3,'09:00:00',60,'2016-05-17',66,NULL,'pt',0,'',NULL,NULL,NULL),

(4454,'',1,'11:00:00',60,'2016-05-16',66,NULL,'pt',0,'',NULL,NULL,NULL),

(4455,'',2,'11:00:00',60,'2016-05-24',66,NULL,'pt',0,'',NULL,NULL,NULL),

(4457,'',2,'11:00:00',60,'2016-05-26',66,NULL,'pt',0,'',NULL,NULL,NULL),

(4458,'',1,'11:00:00',60,'2016-05-27',66,NULL,'pt',0,'',NULL,NULL,NULL),

(4459,'',1,'12:00:00',60,'2016-05-16',66,NULL,'pt',0,'',NULL,NULL,NULL),

(4460,'',2,'12:00:00',60,'2016-05-24',66,NULL,'pt',0,'',NULL,NULL,NULL),

(4462,'',2,'12:00:00',60,'2016-05-26',66,NULL,'pt',0,'',NULL,NULL,NULL),

(4463,'',1,'12:00:00',60,'2016-05-27',66,NULL,'pt',0,'',NULL,NULL,NULL),

(4464,'',1,'13:00:00',60,'2016-05-16',66,NULL,'pt',0,'',NULL,NULL,NULL),

(4465,'',2,'13:00:00',60,'2016-05-24',66,NULL,'pt',0,'',NULL,NULL,NULL),

(4467,'',2,'13:00:00',60,'2016-05-26',66,NULL,'pt',0,'',NULL,NULL,NULL),

(4468,'',1,'13:00:00',60,'2016-05-27',66,NULL,'pt',0,'',NULL,NULL,NULL),

(4469,'',1,'07:00:00',60,'2016-05-16',66,NULL,'pt',0,'',NULL,NULL,NULL),

(4472,'',1,'07:00:00',60,'2016-05-27',66,NULL,'pt',0,'',NULL,NULL,NULL),

(4473,'',1,'08:00:00',60,'2016-05-16',66,NULL,'pt',0,'',NULL,NULL,NULL),

(4476,'',2,'08:00:00',60,'2016-05-26',66,NULL,'pt',0,'',NULL,NULL,NULL),

(4477,'',1,'08:00:00',60,'2016-05-27',66,NULL,'pt',0,'',NULL,NULL,NULL),

(4478,'',1,'09:00:00',60,'2016-05-16',66,NULL,'pt',0,'',NULL,NULL,NULL),

(4481,'',2,'09:00:00',60,'2016-05-26',66,NULL,'pt',0,'',NULL,NULL,NULL),

(4482,'',1,'09:00:00',60,'2016-05-27',66,NULL,'pt',0,'',NULL,NULL,NULL),

(4500,'',2,'03:00:00',60,'2016-05-26',66,NULL,'pt',0,'',NULL,NULL,NULL),

(4501,'',2,'03:00:00',60,'2016-05-27',66,NULL,'pt',0,'',NULL,NULL,NULL),

(4503,'',1,'08:30:00',30,'2016-05-22',66,NULL,'pt',0,'',NULL,NULL,NULL),

(4508,'',1,'10:00:00',60,'2016-06-29',66,NULL,'pt',1,'Lunchtime Workout',2,NULL,'Test repeating event'),

(4510,'',1,'10:00:00',60,'2016-07-13',66,NULL,'pt',1,'Lunchtime Workout',2,NULL,'Test repeating event'),

(4511,'',1,'10:00:00',60,'2016-07-20',66,NULL,'pt',1,'Lunchtime Workout',2,NULL,'Test repeating event'),

(4512,'',1,'10:00:00',60,'2016-07-27',66,NULL,'pt',1,'Lunchtime Workout',2,NULL,'Test repeating event'),

(4513,'',1,'10:00:00',60,'2016-08-03',66,NULL,'pt',1,'Lunchtime Workout',2,NULL,'Test repeating event'),

(4514,'',1,'10:00:00',60,'2016-06-01',66,NULL,'pt',1,'Lunchtime Workout',NULL,NULL,NULL),

(4518,'',1,'10:00:00',60,'2016-06-29',66,NULL,'pt',1,'Lunchtime Workout',3,NULL,'Test repeating event'),

(4520,'',1,'10:00:00',60,'2016-07-13',66,NULL,'pt',1,'Lunchtime Workout',3,NULL,'Test repeating event'),

(4521,'',1,'10:00:00',60,'2016-07-20',66,NULL,'pt',1,'Lunchtime Workout',3,NULL,'Test repeating event'),

(4522,'',1,'10:00:00',60,'2016-07-27',66,NULL,'pt',1,'Lunchtime Workout',3,NULL,'Test repeating event'),

(4523,'',1,'10:00:00',60,'2016-08-03',66,NULL,'pt',1,'Lunchtime Workout',3,NULL,'Test repeating event'),

(4528,'',3,'03:00:00',60,'2016-05-24',66,NULL,'pt',0,'',NULL,NULL,NULL),

(4537,'',1,'16:00:00',30,'2016-05-26',66,NULL,'pt',1,'test g',NULL,'#477c53',NULL),

(4538,'',1,'01:00:00',60,'2016-05-25',66,NULL,'pt',0,'',NULL,NULL,NULL),

(4539,'',1,'02:00:00',60,'2016-05-27',66,NULL,'pt',0,'',NULL,NULL,NULL),

(4540,'',1,'02:00:00',60,'2016-05-25',66,NULL,'pt',0,'',NULL,NULL,NULL),

(4561,'',1,'16:00:00',30,'2016-06-02',66,NULL,'pt',1,'test g',NULL,'#477c53',NULL),

(4562,'',1,'04:00:00',60,'2016-06-02',66,NULL,'pt',0,'',NULL,NULL,NULL),

(4563,'',1,'04:00:00',60,'2016-06-03',66,NULL,'pt',0,'',NULL,NULL,NULL),

(4564,'',1,'05:00:00',60,'2016-06-02',66,NULL,'pt',0,'',NULL,NULL,NULL),

(4565,'',1,'05:00:00',60,'2016-06-03',66,NULL,'pt',0,'',NULL,NULL,NULL),

(4566,'',1,'06:00:00',60,'2016-06-03',66,NULL,'pt',0,'',NULL,NULL,NULL),

(4622,'',1,'01:00:00',45,'2016-05-24',66,NULL,'pt',0,'',NULL,NULL,NULL),

(4623,'',1,'01:00:00',45,'2016-05-26',66,NULL,'pt',0,'',NULL,NULL,NULL),

(4624,'',1,'02:00:00',45,'2016-05-24',66,NULL,'pt',0,'',NULL,NULL,NULL),

(4625,'',1,'02:00:00',45,'2016-05-23',66,NULL,'pt',0,'',NULL,NULL,NULL),

(4626,'',1,'02:00:00',45,'2016-05-26',66,NULL,'pt',0,'',NULL,NULL,NULL),

(4627,'',1,'04:00:00',45,'2016-05-23',66,NULL,'pt',0,'',NULL,NULL,NULL),

(4628,'',1,'05:00:00',45,'2016-05-23',66,NULL,'pt',0,'',NULL,NULL,NULL),

(4629,'',1,'05:00:00',45,'2016-05-24',66,NULL,'pt',0,'',NULL,NULL,NULL),

(4630,'',1,'07:00:00',30,'2016-05-26',66,NULL,'pt',0,'',NULL,NULL,NULL),

(4631,'',1,'08:00:00',45,'2016-05-24',66,NULL,'pt',0,'',NULL,NULL,NULL),

(4632,'',1,'09:00:00',45,'2016-05-24',66,NULL,'pt',0,'',NULL,NULL,NULL),

(4634,'',1,'04:00:00',45,'2016-05-24',66,NULL,'pt',0,'',NULL,NULL,NULL),

(4656,'',2,'01:00:00',60,'2016-05-31',66,NULL,'pt',0,'',NULL,NULL,NULL),

(4657,'',2,'02:00:00',60,'2016-05-31',66,NULL,'pt',0,'',NULL,NULL,NULL),

(4658,'',2,'02:00:00',60,'2016-06-03',66,NULL,'pt',0,'',NULL,NULL,NULL),

(4659,'',2,'02:00:00',60,'2016-06-04',66,NULL,'pt',0,'',NULL,NULL,NULL),

(4661,'',2,'03:00:00',60,'2016-06-04',66,NULL,'pt',0,'',NULL,NULL,NULL),

(4662,'',2,'03:00:00',60,'2016-06-03',66,NULL,'pt',0,'',NULL,NULL,NULL),

(4754,'',3,'02:00:00',60,'2016-05-30',66,NULL,'pt',0,'',NULL,NULL,NULL),

(4755,'',3,'03:00:00',60,'2016-05-30',66,NULL,'pt',0,'',NULL,NULL,NULL),

(4756,'',3,'04:00:00',60,'2016-05-30',66,NULL,'pt',0,'',NULL,NULL,NULL),

(4757,'',3,'04:00:00',60,'2016-05-31',66,NULL,'pt',0,'',NULL,NULL,NULL),

(4758,'',3,'05:00:00',60,'2016-05-30',66,NULL,'pt',0,'',NULL,NULL,NULL),

(4759,'',3,'05:00:00',30,'2016-05-31',66,NULL,'pt',0,'',NULL,NULL,NULL),

(4771,'',2,'02:00:00',45,'2016-06-02',66,NULL,'pt',0,'',NULL,NULL,NULL),

(4772,'',2,'03:00:00',45,'2016-06-01',66,NULL,'pt',0,'',NULL,NULL,NULL),

(4773,'',2,'03:00:00',45,'2016-06-02',66,NULL,'pt',0,'',NULL,NULL,NULL),

(4774,'',3,'04:00:00',45,'2016-06-01',66,NULL,'pt',0,'',NULL,NULL,NULL);

/*Table structure for table `event_attendees` */

DROP TABLE IF EXISTS `event_attendees`;

CREATE TABLE `event_attendees` (
  `id` int(11) unsigned NOT NULL AUTO_INCREMENT,
  `event` int(11) DEFAULT NULL,
  `event_instance` int(11) DEFAULT NULL,
  `user` int(11) DEFAULT NULL,
  `to_user` int(11) DEFAULT NULL,
  `payment_id` int(11) DEFAULT NULL,
  `status` varchar(255) DEFAULT NULL,
  `registration` int(11) DEFAULT NULL,
  `checked_off` tinyint(1) DEFAULT NULL,
  PRIMARY KEY (`id`)
) ENGINE=MyISAM AUTO_INCREMENT=87 DEFAULT CHARSET=latin1;

/*Data for the table `event_attendees` */

insert  into `event_attendees`(`id`,`event`,`event_instance`,`user`,`to_user`,`payment_id`,`status`,`registration`,`checked_off`) values 

(1,2,19,118,66,NULL,'complete',1,1),

(2,2,21,118,66,NULL,'complete',1,NULL),

(3,2,20,118,66,1,'complete',2,NULL),

(4,2,22,118,66,1,'complete',2,NULL),

(5,2,27,118,66,NULL,'complete',1,1),

(6,2,28,118,66,NULL,'complete',2,NULL),

(7,2,29,118,66,NULL,'complete',1,NULL),

(8,2,30,118,66,NULL,'complete',2,NULL),

(9,2,19,137,66,4,'complete',NULL,NULL),

(10,2,20,137,66,5,'complete',NULL,NULL),

(11,3,31,118,66,15,'unpaid',NULL,NULL),

(12,3,31,118,66,16,'unpaid',NULL,NULL),

(13,3,31,118,66,17,'unpaid',NULL,NULL),

(14,3,31,118,66,18,'unpaid',NULL,NULL),

(15,3,31,118,66,19,'unpaid',NULL,NULL),

(16,1,4,118,66,20,'unpaid',NULL,NULL),

(17,1,4,118,66,21,'unpaid',NULL,NULL),

(18,1,4,118,66,22,'unpaid',NULL,NULL),

(19,1,4,118,66,23,'unpaid',NULL,NULL),

(20,1,4,118,66,24,'unpaid',NULL,NULL),

(21,1,4,118,66,25,'unpaid',NULL,NULL),

(22,1,4,118,66,26,'unpaid',NULL,NULL),

(23,1,4,118,66,27,'unpaid',NULL,NULL),

(24,1,4,118,66,28,'complete',NULL,NULL),

(33,2,30,137,66,NULL,'complete',5,NULL),

(31,2,22,137,66,NULL,'complete',5,NULL),

(32,2,28,137,66,NULL,'complete',5,NULL),

(41,1,5,137,66,NULL,'complete',8,NULL),

(40,3,46,137,66,105,'complete',NULL,NULL),

(37,2,21,137,66,NULL,'complete',7,NULL),

(38,2,27,137,66,NULL,'complete',7,1),

(39,2,29,137,66,NULL,'complete',7,NULL),

(42,1,6,137,66,NULL,'complete',8,NULL),

(43,1,7,137,66,NULL,'complete',8,NULL),

(44,2,52,137,66,NULL,'complete',7,NULL),

(45,2,53,137,66,NULL,'complete',5,NULL),

(46,8,79,141,140,127,'unpaid',NULL,NULL),

(47,8,81,141,140,NULL,'unpaid',9,NULL),

(48,8,81,141,140,NULL,'unpaid',10,NULL),

(49,8,81,141,140,NULL,'unpaid',11,NULL),

(50,8,81,141,140,129,'unpaid',NULL,NULL),

(51,8,79,141,140,135,'unpaid',NULL,NULL),

(52,8,81,144,140,512,'unpaid',NULL,NULL),

(53,8,81,144,140,NULL,'unpaid',12,NULL),

(54,8,81,144,140,513,'unpaid',13,NULL),

(55,8,80,144,140,516,'unpaid',NULL,NULL),

(56,8,139,141,140,NULL,'unpaid',9,NULL),

(57,8,139,141,140,NULL,'unpaid',10,NULL),

(58,0,146,137,136,609,'unpaid',NULL,NULL),

(59,0,146,137,136,610,'complete',NULL,NULL),

(60,12,163,137,136,NULL,'complete',14,NULL),

(61,12,164,137,136,NULL,'complete',14,NULL),

(62,12,165,137,136,NULL,'complete',14,NULL),

(63,13,168,137,136,NULL,'unpaid',15,NULL),

(64,13,168,137,136,NULL,'unpaid',16,NULL),

(65,13,168,137,136,NULL,'complete',17,NULL),

(66,12,164,146,136,612,'unpaid',NULL,NULL),

(67,13,168,146,136,622,'unpaid',NULL,NULL),

(68,12,164,146,136,623,'unpaid',NULL,NULL),

(69,13,168,146,136,NULL,'unpaid',18,NULL),

(70,13,168,146,136,NULL,'unpaid',19,NULL),

(71,13,168,146,136,624,'unpaid',NULL,NULL),

(72,13,168,146,136,NULL,'unpaid',20,NULL),

(73,13,168,146,136,NULL,'unpaid',21,NULL),

(74,13,168,146,136,NULL,'unpaid',22,NULL),

(75,13,168,146,136,625,'unpaid',23,NULL),

(76,13,168,146,136,NULL,'unpaid',24,NULL),

(77,13,168,146,136,NULL,'unpaid',25,NULL),

(78,13,168,146,136,NULL,'unpaid',26,NULL),

(79,13,168,146,136,NULL,'unpaid',27,NULL),

(80,13,168,146,136,NULL,'unpaid',28,NULL),

(81,13,168,146,136,NULL,'unpaid',29,NULL),

(82,13,168,146,136,NULL,'complete',30,NULL),

(83,13,170,146,136,NULL,'unpaid',18,NULL),

(84,13,170,146,136,NULL,'unpaid',19,NULL),

(85,13,170,146,136,NULL,'unpaid',23,NULL),

(86,13,170,146,136,NULL,'unpaid',24,NULL);

/*Table structure for table `event_registrations` */

DROP TABLE IF EXISTS `event_registrations`;

CREATE TABLE `event_registrations` (
  `id` int(11) unsigned NOT NULL AUTO_INCREMENT,
  `event` int(11) DEFAULT NULL,
  `user` int(11) DEFAULT NULL,
  `to_user` int(11) DEFAULT NULL,
  `rec_payment` int(11) DEFAULT NULL,
  `payment` int(11) DEFAULT NULL,
  `date_start` date DEFAULT NULL,
  `date_end` date DEFAULT NULL,
  `day` varchar(255) DEFAULT NULL,
  `num_sessions` int(10) DEFAULT NULL,
  `status` varchar(255) DEFAULT NULL,
  PRIMARY KEY (`id`)
) ENGINE=MyISAM AUTO_INCREMENT=31 DEFAULT CHARSET=latin1;

/*Data for the table `event_registrations` */

insert  into `event_registrations`(`id`,`event`,`user`,`to_user`,`rec_payment`,`payment`,`date_start`,`date_end`,`day`,`num_sessions`,`status`) values 

(1,2,118,66,1,NULL,'2016-06-20','2016-07-18','Monday',5,'complete'),

(2,2,118,66,NULL,1,'2016-06-24','2016-07-22','Friday',5,'complete'),

(8,1,137,66,7,NULL,'2016-07-07','2016-07-21','Thursday',3,'complete'),

(5,2,137,66,4,NULL,'2016-07-01','2016-07-29','Friday',5,'complete'),

(7,2,137,66,6,NULL,'2016-06-27','2016-07-25','Monday',5,'complete'),

(9,8,141,140,8,NULL,'2016-07-18','2016-08-08','Monday',4,'unpaid'),

(10,8,141,140,9,NULL,'2016-07-18','2016-08-08','Monday',4,'unpaid'),

(11,8,141,140,10,NULL,'2016-07-18','2016-07-25','Monday',2,'unpaid'),

(12,8,144,140,25,NULL,'2016-07-18','2016-07-25','Monday',2,'unpaid'),

(13,8,144,140,NULL,513,'2016-07-18','2016-07-25','Monday',2,'unpaid'),

(14,12,137,136,26,NULL,'2016-08-19','2016-09-02','Friday',3,'complete'),

(15,13,137,136,27,NULL,'2016-08-19','2016-08-26','Friday',2,'unpaid'),

(16,13,137,136,28,NULL,'2016-08-19','2016-08-26','Friday',2,'unpaid'),

(17,13,137,136,29,NULL,'2016-08-19','2016-08-26','Friday',2,'complete'),

(18,13,146,136,30,NULL,'2016-08-19','2016-09-02','Friday',3,'unpaid'),

(19,13,146,136,31,NULL,'2016-08-19','2016-09-02','Friday',3,'unpaid'),

(20,13,146,136,32,NULL,'2016-08-19','2016-08-26','Friday',2,'unpaid'),

(21,13,146,136,33,NULL,'2016-08-19','2016-08-26','Friday',2,'unpaid'),

(22,13,146,136,34,NULL,'2016-08-19','2016-08-26','Friday',2,'unpaid'),

(23,13,146,136,NULL,625,'2016-08-19','2016-09-02','Friday',3,'unpaid'),

(24,13,146,136,35,NULL,'2016-08-19','2016-09-02','Friday',3,'unpaid'),

(25,13,146,136,36,NULL,'2016-08-19','2016-08-26','Friday',2,'unpaid'),

(26,13,146,136,37,NULL,'2016-08-19','2016-08-26','Friday',2,'unpaid'),

(27,13,146,136,38,NULL,'2016-08-19','2016-08-26','Friday',2,'unpaid'),

(28,13,146,136,39,NULL,'2016-08-19','2016-08-26','Friday',2,'unpaid'),

(29,13,146,136,40,NULL,'2016-08-19','2016-08-26','Friday',2,'unpaid'),

(30,13,146,136,41,NULL,'2016-08-19','2016-08-26','Friday',2,'complete');

/*Table structure for table `favourites` */

DROP TABLE IF EXISTS `favourites`;

CREATE TABLE `favourites` (
  `id` int(11) NOT NULL AUTO_INCREMENT,
  `user_id` int(11) NOT NULL,
  `trainer_id` int(11) NOT NULL,
  PRIMARY KEY (`id`)
) ENGINE=InnoDB AUTO_INCREMENT=43 DEFAULT CHARSET=latin1;

/*Data for the table `favourites` */

insert  into `favourites`(`id`,`user_id`,`trainer_id`) values 

(29,130,66),

(31,131,133),

(34,130,133),

(36,118,66),

(37,118,135),

(39,137,135),

(40,144,140),

(41,144,66),

(42,144,133);

/*Table structure for table `holidays` */

DROP TABLE IF EXISTS `holidays`;

CREATE TABLE `holidays` (
  `id` int(11) NOT NULL AUTO_INCREMENT,
  `user` int(11) NOT NULL,
  `date` date NOT NULL,
  PRIMARY KEY (`id`)
) ENGINE=InnoDB DEFAULT CHARSET=latin1;

/*Data for the table `holidays` */

/*Table structure for table `integra_vaults` */

DROP TABLE IF EXISTS `integra_vaults`;

CREATE TABLE `integra_vaults` (
  `id` int(11) unsigned NOT NULL AUTO_INCREMENT,
  `datestamp` datetime DEFAULT NULL,
  `payment` int(11) DEFAULT NULL,
  `rec_payment` int(11) DEFAULT NULL,
  `user` int(11) DEFAULT NULL,
  `method` varchar(255) DEFAULT NULL,
  `token` varchar(255) NOT NULL,
  `response` text,
  PRIMARY KEY (`id`)
) ENGINE=MyISAM AUTO_INCREMENT=16 DEFAULT CHARSET=latin1;

/*Data for the table `integra_vaults` */

insert  into `integra_vaults`(`id`,`datestamp`,`payment`,`rec_payment`,`user`,`method`,`token`,`response`) values 

(2,NULL,NULL,1,118,'AddToVault','061098bd8c134c1f865cc27c6cdafb2b9cf3ea1f84ba4392b7a9ebb9b465432a',NULL),

(3,NULL,NULL,1,118,'AddToVault','888cdcf1205a4bb9a91928f737cb1ccb962c7189b3254e3cbbdfaaf911f88707','<?xml version=\"1.0\" encoding=\"utf-8\"?>\n<response>\n  <result>OK</result>\n  <saveResultCode>S</saveResultCode>\n  <saveResultDescription>SUCCESSFUL</saveResultDescription>\n  <creditCardNumberMasked></creditCardNumberMasked>\n  <creditCardExpiry>201801</creditCardExpiry>\n  <creditCardName></creditCardName>\n  <creditCardType></creditCardType>\n  <formErrorType/>\n  <formErrorMessage/>\n</response>\n'),

(4,NULL,NULL,2,137,'AddToVault','bdaf2baea4c348fb99838246a2a2ed08b0e343bf439f4a4ba649acd98572ed44','<?xml version=\"1.0\" encoding=\"utf-8\"?>\n<response>\n  <result>OK</result>\n  <saveResultCode>S</saveResultCode>\n  <saveResultDescription>SUCCESSFUL</saveResultDescription>\n  <creditCardNumberMasked></creditCardNumberMasked>\n  <creditCardExpiry>201610</creditCardExpiry>\n  <creditCardName></creditCardName>\n  <creditCardType></creditCardType>\n  <formErrorType/>\n  <formErrorMessage/>\n</response>\n'),

(5,NULL,NULL,3,137,'AddToVault','06ce27d87b8541faaadf01ae3990702305c5fe118b4e40eeba43715f6fc6ecbb','<?xml version=\"1.0\" encoding=\"utf-8\"?>\n<response>\n  <result>OK</result>\n  <saveResultCode>S</saveResultCode>\n  <saveResultDescription>SUCCESSFUL</saveResultDescription>\n  <creditCardNumberMasked></creditCardNumberMasked>\n  <creditCardExpiry>201808</creditCardExpiry>\n  <creditCardName></creditCardName>\n  <creditCardType></creditCardType>\n  <formErrorType/>\n  <formErrorMessage/>\n</response>\n'),

(6,NULL,NULL,4,137,'AddToVault','8e795e79ace84bce9c0044f84909de0126ae3b6608714133a9767fa43079c75d','<?xml version=\"1.0\" encoding=\"utf-8\"?>\n<response>\n  <result>OK</result>\n  <saveResultCode>S</saveResultCode>\n  <saveResultDescription>SUCCESSFUL</saveResultDescription>\n  <creditCardNumberMasked></creditCardNumberMasked>\n  <creditCardExpiry>201808</creditCardExpiry>\n  <creditCardName></creditCardName>\n  <creditCardType></creditCardType>\n  <formErrorType/>\n  <formErrorMessage/>\n</response>\n'),

(7,NULL,NULL,5,137,'AddToVault','ba18b45bfde14969bc0b060adc23a6c906b6a13bcb324876b58a2a856db9f82d',NULL),

(8,NULL,NULL,6,137,'AddToVault','4f1e0cf07d9b414eb63afe7363036568f77ad072817f4bbeabc617cfd2eb5bd1','<?xml version=\"1.0\" encoding=\"utf-8\"?>\n<response>\n  <result>OK</result>\n  <saveResultCode>S</saveResultCode>\n  <saveResultDescription>SUCCESSFUL</saveResultDescription>\n  <creditCardNumberMasked></creditCardNumberMasked>\n  <creditCardExpiry>201808</creditCardExpiry>\n  <creditCardName></creditCardName>\n  <creditCardType></creditCardType>\n  <formErrorType/>\n  <formErrorMessage/>\n</response>\n'),

(9,NULL,NULL,7,137,'AddToVault','56c0994c2cdf46ea9f494ec03abaa502714ce9c828ae47ae9a62a9c5daeb7b51','<?xml version=\"1.0\" encoding=\"utf-8\"?>\n<response>\n  <result>OK</result>\n  <saveResultCode>S</saveResultCode>\n  <saveResultDescription>SUCCESSFUL</saveResultDescription>\n  <creditCardNumberMasked></creditCardNumberMasked>\n  <creditCardExpiry>201808</creditCardExpiry>\n  <creditCardName></creditCardName>\n  <creditCardType></creditCardType>\n  <formErrorType/>\n  <formErrorMessage/>\n</response>\n'),

(10,NULL,NULL,26,137,'AddToVault','239af329462943f7a6cb5680c916ae62e5edd7bc72bb4f29ac96c703d7e808d9','<?xml version=\"1.0\" encoding=\"utf-8\"?>\n<response>\n  <result>OK</result>\n  <saveResultCode>S</saveResultCode>\n  <saveResultDescription>SUCCESSFUL</saveResultDescription>\n  <creditCardNumberMasked></creditCardNumberMasked>\n  <creditCardExpiry>201808</creditCardExpiry>\n  <creditCardName></creditCardName>\n  <creditCardType></creditCardType>\n  <formErrorType/>\n  <formErrorMessage/>\n</response>\n'),

(11,NULL,NULL,27,137,'AddToVault','2aebe20be05b46339366d4f9d89554114bbdd611abfe46cbaec0f6995ba37fdd',NULL),

(12,NULL,NULL,28,137,'AddToVault','3545e19cb4854613a7cfe99b35ded9865d85bd24907f420ab61293692c5c2c94',NULL),

(13,NULL,NULL,29,137,'AddToVault','aa75e2b7263341f98097b35423d14e4ab7c8f43b7d594ced8a5442f6cb7322d5','<?xml version=\"1.0\" encoding=\"utf-8\"?>\n<response>\n  <result>OK</result>\n  <saveResultCode>S</saveResultCode>\n  <saveResultDescription>SUCCESSFUL</saveResultDescription>\n  <creditCardNumberMasked></creditCardNumberMasked>\n  <creditCardExpiry>201808</creditCardExpiry>\n  <creditCardName></creditCardName>\n  <creditCardType></creditCardType>\n  <formErrorType/>\n  <formErrorMessage/>\n</response>\n'),

(14,NULL,NULL,41,146,'AddToVault','212df23314d84f21b0f25d6db22459885d317da3f5dd4143a037e4316dad51b1','<?xml version=\"1.0\" encoding=\"utf-8\"?>\n<response>\n  <result>OK</result>\n  <saveResultCode>S</saveResultCode>\n  <saveResultDescription>SUCCESSFUL</saveResultDescription>\n  <creditCardNumberMasked></creditCardNumberMasked>\n  <creditCardExpiry>201808</creditCardExpiry>\n  <creditCardName></creditCardName>\n  <creditCardType></creditCardType>\n  <formErrorType/>\n  <formErrorMessage/>\n</response>\n'),

(15,NULL,627,0,146,'AddToVault','31edc910b0574dd8af042bf8296e32c49801d7bd110448ffa96a96ab26967240','<?xml version=\"1.0\" encoding=\"utf-8\"?>\n<response>\n  <result>OK</result>\n  <saveResultCode>S</saveResultCode>\n  <saveResultDescription>SUCCESSFUL</saveResultDescription>\n  <creditCardNumberMasked></creditCardNumberMasked>\n  <creditCardExpiry>201808</creditCardExpiry>\n  <creditCardName></creditCardName>\n  <creditCardType></creditCardType>\n  <formErrorType/>\n  <formErrorMessage/>\n</response>\n');

/*Table structure for table `linked_sessions` */

DROP TABLE IF EXISTS `linked_sessions`;

CREATE TABLE `linked_sessions` (
  `id` int(11) NOT NULL AUTO_INCREMENT,
  `nothing` int(11) NOT NULL,
  PRIMARY KEY (`id`)
) ENGINE=InnoDB AUTO_INCREMENT=12 DEFAULT CHARSET=latin1;

/*Data for the table `linked_sessions` */

insert  into `linked_sessions`(`id`,`nothing`) values 

(1,1),

(2,1),

(3,1),

(4,1),

(5,1),

(6,1),

(7,1),

(8,1),

(9,1),

(10,1),

(11,1);

/*Table structure for table `location_deals` */

DROP TABLE IF EXISTS `location_deals`;

CREATE TABLE `location_deals` (
  `id` int(11) unsigned NOT NULL AUTO_INCREMENT,
  `location` int(11) DEFAULT NULL,
  `deal_text` text,
  PRIMARY KEY (`id`)
) ENGINE=MyISAM AUTO_INCREMENT=15 DEFAULT CHARSET=latin1;

/*Data for the table `location_deals` */

insert  into `location_deals`(`id`,`location`,`deal_text`) values 

(4,43,'test y'),

(7,45,'test a'),

(5,43,'test a'),

(6,43,'test b'),

(8,45,'test b'),

(14,25,''),

(10,47,''),

(11,48,''),

(12,49,''),

(13,46,'');

/*Table structure for table `locationdbs` */

DROP TABLE IF EXISTS `locationdbs`;

CREATE TABLE `locationdbs` (
  `id` int(11) NOT NULL AUTO_INCREMENT,
  `lat` float NOT NULL,
  `lng` float NOT NULL,
  `placesid` varchar(255) NOT NULL,
  `address` varchar(255) NOT NULL,
  PRIMARY KEY (`id`)
) ENGINE=InnoDB AUTO_INCREMENT=29 DEFAULT CHARSET=latin1;

/*Data for the table `locationdbs` */

insert  into `locationdbs`(`id`,`lat`,`lng`,`placesid`,`address`) values 

(1,-27.4677,153.029,'ChIJabGy-xxakWsR0_05szD0y4s','300 Elizabeth St, Brisbane QLD 4000, Australia'),

(2,-27.5107,153.018,'ChIJGwx8fIFakWsRUMQh11ujAg8','Fairfield QLD 4103, Australia'),

(3,-27.5165,153.016,'ChIJkRwK3oJakWsRcJ_e81qjAgU','Yeronga QLD 4104, Australia'),

(4,-27.509,153.024,'ChIJda2BCIpakWsRkIje81qjAgU','Fairfield QLD 4103, Australia'),

(5,-27.5255,153.014,'ChIJgXMUyApQkWsRYJ_e81qjAgU','Yeerongpilly QLD 4105, Australia'),

(6,-27.5115,153.032,'ChIJVeTdwYtakWsRkH7e81qjAgU','Annerley QLD 4103, Australia'),

(7,-27.5171,153.07,'ChIJw8ED4wZbkWsRkIve81qjAgU','Holland Park QLD 4121, Australia'),

(8,-27.5216,153.023,'ChIJMxCm5ZpakWsRIMkh11ujAg8','Yeronga QLD 4104, Australia'),

(9,-27.514,153.03,'ChIJQxMQzo5akWsRuobHSR_5LHs','12 Venner Rd, Annerley QLD 4103, Australia'),

(10,-31.9816,115.781,'ChIJNSK3yDekMioRwEHfNbXwBAU','Claremont WA 6010, Australia'),

(11,-33.8523,151.211,'ChIJ49XqJV2uEmsRPsTAF7eOlGg','Sydney Harbour Bridge, Sydney NSW, Australia'),

(12,-27.4667,153.05,'ChIJIQqLeIhZkWsRXmm45KQ3vkM','New Farm Park, New Farm QLD 4005, Australia'),

(13,-27.4703,153.053,'ChIJD5kOzSlakWsR-eNEsRyWHRg','Brunswick St, New Farm QLD 4005, Australia'),

(14,-33.8922,151.276,'ChIJx4FyRJytEmsReOktxgkYwyA','Bondi Beach, New South Wales, Australia'),

(15,-27.4788,153.012,'Eiw5NyBCb3VuZGFyeSBTdCwgV2VzdCBFbmQgUUxEIDQxMDEsIEF1c3RyYWxpYQ','97 Boundary St, West End QLD 4101, Australia'),

(16,-27.4648,153.029,'ChIJxVtsfB1akWsRCWA8CJYUkyA','320 Adelaide St, Brisbane QLD 4000, Australia'),

(17,-27.428,152.978,'ChIJE8TrUBlXkWsRMIje81qjAgU','Enoggera QLD 4051, Australia'),

(18,-27.3981,152.989,'ChIJmUAW8rxXkWsRcIje81qjAgU','Everton Park QLD 4053, Australia'),

(19,-27.4239,153.005,'ChIJj69FN3BXkWsRIH7e81qjAgU','Alderley QLD 4051, Australia'),

(20,-12.446,130.845,'ChIJwdZmhHqRwCwRaBGchrD2h80','Mary Street, Stuart Park NT 0820, Australia'),

(21,-27.4748,152.976,'ChIJL92iEOdQkWsRUHsi11ujAg8','152 Mt Coot-Tha Rd, Toowong QLD 4066, Australia'),

(22,-27.4703,153.121,'ChIJM2p4ibpekWsRl1v0gHnhLQ0','97 Boundary St, Tingalpa QLD 4173, Australia'),

(23,-27.4911,153.096,'ChIJMc5E2-9bkWsRbGmHRvPP0ws','97 Adelaide St, Carina QLD 4152, Australia'),

(24,-27.4901,153.039,'ChIJiV5cJEBakWsRpVklA1r2QPM','97 Logan Rd, Woolloongabba QLD 4102, Australia'),

(25,-27.4696,153.025,'ChIJt5j5s4G3e0gR7-BWJM-hjUg','Queen St, Brisbane City QLD 4000, Australia'),

(26,-27.5633,153.048,'ChIJf_CTsjFFkWsRKOgfq8nP8FE','164 Nyleta St, Coopers Plains QLD 4108, Australia'),

(27,-27.4698,153.025,'ChIJuyD2XARakWsRwITe81qjAgU','Brisbane City QLD 4000, Australia'),

(28,-27.4767,153.017,'ChIJAVv28AVakWsRwJje81qjAgU','South Brisbane QLD 4101, Australia');

/*Table structure for table `locations` */

DROP TABLE IF EXISTS `locations`;

CREATE TABLE `locations` (
  `id` int(11) NOT NULL AUTO_INCREMENT,
  `name` varchar(255) NOT NULL,
  `user` int(11) NOT NULL,
  `notes` text,
  `deals` text,
  `color` varchar(7000) NOT NULL,
  `type` varchar(255) NOT NULL,
  `image` varchar(255) DEFAULT NULL,
  `max_participants` int(11) NOT NULL DEFAULT '0',
  `event` tinyint(1) NOT NULL,
  `sgt` tinyint(1) NOT NULL,
  `gst` tinyint(1) NOT NULL,
  PRIMARY KEY (`id`)
) ENGINE=InnoDB AUTO_INCREMENT=47 DEFAULT CHARSET=latin1;

/*Data for the table `locations` */

insert  into `locations`(`id`,`name`,`user`,`notes`,`deals`,`color`,`type`,`image`,`max_participants`,`event`,`sgt`,`gst`) values 

(1,'Fitness First',66,'','','#d42314','gym',NULL,0,0,1,0),

(2,'Park',66,'',NULL,'#4ad11b','outdoor',NULL,0,0,1,1),

(3,'Mobile',66,'',NULL,'#4c4339','mobile',NULL,0,0,0,0),

(4,'Boot Camp 1',68,'',NULL,'#00f900','outdoor',NULL,25,0,0,0),

(5,'Boot camp 1',69,'',NULL,'#00f900','outdoor',NULL,8,0,0,0),

(6,'Gym',70,'',NULL,'#ff2600','gym',NULL,0,0,0,0),

(7,'Fitness',104,'',NULL,'#00ff80','gym',NULL,0,0,1,0),

(8,'Mobile Trainer',104,'',NULL,'#000','mobile',NULL,0,0,0,0),

(9,'Fitness First Elizabeth St',107,'',NULL,'#ff80c0','gym',NULL,0,0,0,0),

(10,'Sydney BootCamp',108,'',NULL,'#000','gym',NULL,30,0,0,0),

(11,'new park',110,'meet behind the tree',NULL,'#00ff40','outdoor',NULL,0,0,0,0),

(12,'Booty Campers',111,'Meet Here',NULL,'#00f900','outdoor',NULL,8,0,0,1),

(13,'park',115,'',NULL,'#000','outdoor',NULL,0,0,0,0),

(14,'iFactory',116,'Careful of construction zone',NULL,'#000','gym',NULL,0,0,1,0),

(15,'Kami\'s Lookout',124,'No wheelchair access',NULL,'#73a53a','gym',NULL,0,0,1,0),

(16,'Fitness First Adelaide Gym',127,'Fitness Gym',NULL,'#ff80c0','gym',NULL,0,0,0,0),

(17,'Mobile Training',127,'',NULL,'#00ff80','mobile',NULL,0,0,0,0),

(18,'Goodlife',128,'',NULL,'#000','gym',NULL,0,0,1,0),

(19,'Bootcamp in the Park',129,'come train in the gardens with me',NULL,'#000','outdoor',NULL,20,0,0,0),

(20,'Park',128,'Meet at Kindergarten car park',NULL,'#000','outdoor',NULL,0,0,1,1),

(21,'Extreme',133,'construction',NULL,'#000','gym',NULL,0,0,1,1),

(22,'extreme2',133,'dededed',NULL,'#ff8040','outdoor',NULL,0,0,0,1),

(23,'extreme3',133,'',NULL,'#ff0000','outdoor',NULL,0,0,0,1),

(24,'Tall grass area',135,'Avoid Hungry Jacks',NULL,'#000','outdoor',NULL,0,0,1,1),

(25,'Coopers Plains Gym',136,'','','#1e1289','gym',NULL,0,0,0,0),

(26,'Fitness First',140,'I will do my best to get you access to the facility',NULL,'#408080','gym',NULL,0,0,1,1),

(27,'Park Training',140,'I will be at the end of the park closest to the road',NULL,'#8080ff','mobile',NULL,0,0,1,1),

(28,'Fitness first',143,'iewuhodie',NULL,'#ff80ff','gym',NULL,0,0,1,1),

(37,'Test an',136,'asdfa aaa','Free pokemon with every training session','#78a813','gym',NULL,0,0,0,0),

(43,'Test Ba',136,'ffff','dddsssaaa\n<hr/>\nasdf','#6c3702','gym',NULL,0,1,0,0),

(44,'The Pool',151,'asdf','fdsa','#000','gym',NULL,0,0,0,0),

(45,'Yet another Gym',136,'',NULL,'#cad502','gym',NULL,0,0,0,0),

(46,'Gym A',152,'',NULL,'#000','gym',NULL,0,0,0,0);

/*Table structure for table `locations_links` */

DROP TABLE IF EXISTS `locations_links`;

CREATE TABLE `locations_links` (
  `id` int(11) NOT NULL AUTO_INCREMENT,
  `locationdbs_id` int(11) NOT NULL,
  `locations_id` int(11) NOT NULL,
  PRIMARY KEY (`id`)
) ENGINE=InnoDB AUTO_INCREMENT=102 DEFAULT CHARSET=latin1;

/*Data for the table `locations_links` */

insert  into `locations_links`(`id`,`locationdbs_id`,`locations_id`) values 

(2,2,2),

(3,3,3),

(4,4,3),

(5,5,3),

(6,6,3),

(7,7,3),

(8,3,4),

(9,8,5),

(10,9,6),

(11,1,7),

(12,10,8),

(13,1,9),

(14,11,10),

(15,12,11),

(16,13,12),

(17,14,13),

(18,15,14),

(19,15,15),

(20,16,16),

(21,17,17),

(22,18,17),

(23,19,17),

(24,20,18),

(25,21,19),

(26,2,20),

(27,22,21),

(28,23,22),

(29,24,23),

(30,25,24),

(32,27,26),

(33,28,27),

(34,15,28),

(77,1,1),

(78,15,44),

(84,15,37),

(98,15,45),

(99,15,43),

(100,15,46),

(101,26,25);


/*Table structure for table `notifications` */

DROP TABLE IF EXISTS `notifications`;

CREATE TABLE `notifications` (
  `id` int(11) NOT NULL AUTO_INCREMENT,
  `user_id` int(11) NOT NULL,
  `image` varchar(255) DEFAULT NULL,
  `text` varchar(255) NOT NULL,
  `type` varchar(255) NOT NULL,
  `target` varchar(255) NOT NULL,
  PRIMARY KEY (`id`)
) ENGINE=InnoDB AUTO_INCREMENT=40 DEFAULT CHARSET=latin1;

/*Data for the table `notifications` */

insert  into `notifications`(`id`,`user_id`,`image`,`text`,`type`,`target`) values 

(3,151,NULL,'Please submit your bank details','information','0'),

(24,146,NULL,'You have successfully paid for a booking','information','0'),

(26,146,NULL,'You have successfully paid for a booking','information','0'),

(28,146,NULL,'You have successfully paid for a booking','information','0'),

(30,152,NULL,'Please submit your bank details','information','0'),

(31,153,NULL,'Please complete your ParQ & Goals for your trainer to see before your training session','information','0'),

(32,154,NULL,'Please complete your PARQ & Goals for your trainer to see before your training session','information','0'),

(33,155,NULL,'Please complete your PARQ & Goals for your trainer to see before your training session','information','0'),

(34,156,NULL,'Please complete your PARQ & Goals for your trainer to see before your training session','information','0'),

(35,157,NULL,'Please complete your PARQ & Goals for your trainer to see before your training session','information','0'),

(36,137,NULL,'You have successfully paid for a booking','information','0'),

(37,136,NULL,'A user has purchased a session','information','0'),

(38,137,NULL,'You have successfully made a payment','information','0'),

(39,136,NULL,'A user has made a payment','information','0');

/*Table structure for table `parq_options` */

DROP TABLE IF EXISTS `parq_options`;

CREATE TABLE `parq_options` (
  `id` int(11) unsigned NOT NULL AUTO_INCREMENT,
  `parq` int(11) DEFAULT NULL,
  `section` varchar(255) DEFAULT NULL,
  `field` varchar(255) DEFAULT NULL,
  `value` tinyint(1) DEFAULT NULL,
  PRIMARY KEY (`id`)
) ENGINE=MyISAM AUTO_INCREMENT=182 DEFAULT CHARSET=latin1;

/*Data for the table `parq_options` */

insert  into `parq_options`(`id`,`parq`,`section`,`field`,`value`) values 

(123,4,'condition','heart_condition',1),

(167,3,'condition','epilepsy',1),

(168,3,'condition','heart_disease',1),

(169,3,'experienced','diabetes',1),

(170,3,'experienced','chest_pain',0),

(171,3,'experienced','join_aches',1),

(172,3,'experienced','hernia',0),

(173,3,'experienced','epilepsy',0),

(174,3,'experienced','heart_disease',0),

(175,3,'misc','any_other',1),

(176,3,'result','reduce_stress',1),

(177,3,'result','flexibility',1),

(178,3,'result','increase_energy',1),

(179,3,'result','weight_loss',1),

(180,3,'result','weight_gain',1),

(133,4,'result','sport_aid',1),

(132,4,'result','endurance_stamina',1),

(131,4,'result','health_improvement',1),

(130,4,'misc','any_other',1),

(129,4,'experienced','join_aches',1),

(128,4,'experienced','hernia',1),

(127,4,'experienced','epilepsy',1),

(126,4,'experienced','heart_disease',1),

(125,4,'condition','epilepsy',1),

(124,4,'condition','diabetes',1),

(181,6,'experienced','heart_disease',1),

(150,5,'experienced','back_pain',1),

(166,3,'condition','diabetes',0);

/*Table structure for table `parqs` */

DROP TABLE IF EXISTS `parqs`;

CREATE TABLE `parqs` (
  `id` int(11) unsigned NOT NULL AUTO_INCREMENT,
  `user` int(11) DEFAULT NULL,
  `health_text` text,
  `previous_exercise` tinyint(1) DEFAULT NULL,
  `previous_exercise_text` text,
  `onem_goal` text,
  `threem_goal` text,
  `lt_goal` text,
  PRIMARY KEY (`id`)
) ENGINE=MyISAM AUTO_INCREMENT=7 DEFAULT CHARSET=latin1;

/*Data for the table `parqs` */

insert  into `parqs`(`id`,`user`,`health_text`,`previous_exercise`,`previous_exercise_text`,`onem_goal`,`threem_goal`,`lt_goal`) values 

(3,137,'asdf',1,'fdsa','aaa','bbb','ccc'),

(4,141,NULL,1,NULL,'test','test3','test323'),

(5,142,NULL,NULL,NULL,NULL,NULL,NULL),

(6,144,NULL,NULL,NULL,NULL,NULL,NULL);

/*Table structure for table `payment_fees` */

DROP TABLE IF EXISTS `payment_fees`;

CREATE TABLE `payment_fees` (
  `id` int(11) NOT NULL AUTO_INCREMENT,
  `meta_key` varchar(255) NOT NULL,
  `meta_value` float NOT NULL,
  PRIMARY KEY (`id`)
) ENGINE=InnoDB AUTO_INCREMENT=6 DEFAULT CHARSET=latin1;

/*Data for the table `payment_fees` */

insert  into `payment_fees`(`id`,`meta_key`,`meta_value`) values 

(2,'card_fee',2.2),

(3,'card_fee_min',1.5),

(4,'dd_fee',0),

(5,'dd_fee_min',1.5);

/*Table structure for table `payment_integras` */

DROP TABLE IF EXISTS `payment_integras`;

CREATE TABLE `payment_integras` (
  `id` int(11) unsigned NOT NULL AUTO_INCREMENT,
  `payment` int(11) DEFAULT NULL,
  `rec_payment` int(11) DEFAULT NULL,
  `method` varchar(255) DEFAULT NULL,
  `token` varchar(255) DEFAULT NULL,
  `response` text,
  PRIMARY KEY (`id`)
) ENGINE=MyISAM AUTO_INCREMENT=96 DEFAULT CHARSET=latin1;

/*Data for the table `payment_integras` */

insert  into `payment_integras`(`id`,`payment`,`rec_payment`,`method`,`token`,`response`) values 

(1,1,NULL,'HostedRealTimePayment','79b9fa7ec9d34727a4344dd7c1ee23cdb756017ab4ee422d9486c40a815a2806','<?xml version=\"1.0\" encoding=\"utf-8\"?>\n<response>\n  <result>OK</result>\n  <transactionID>OT1</transactionID>\n  <resultID>S</resultID>\n  <resultDescription/>\n  <resultRejectionTypeID>0</resultRejectionTypeID>\n  <resultBankReceiptID>RT26049</resultBankReceiptID>\n  <resultBankSettlementDate/>\n  <creditCardNumberMasked></creditCardNumberMasked>\n  <creditCardName></creditCardName>\n  <creditCardType></creditCardType>\n  <formErrorType/>\n  <formErrorMessage/>\n  <payerFirstName>Nicholas</payerFirstName>\n  <payerLastName>Jephcott</payerLastName>\n  <payerAddressStreet>97 boundary Street</payerAddressStreet>\n  <payerAddressSuburb>West End</payerAddressSuburb>\n  <payerAddressState>QLD</payerAddressState>\n  <payerAddressPostCode>1234</payerAddressPostCode>\n  <payerAddressCountry>AUSTRALIA</payerAddressCountry>\n  <payerEmail>nicholas.jephcott@ifactory.com.au</payerEmail>\n  <payerPhone>38440577</payerPhone>\n  <payerMobile>38440577</payerMobile>\n  <transactionAmount>175.00</transactionAmount>\n  <transactionDateTime>2016-06-21 10:22:53</transactionDateTime>\n</response>\n'),

(2,2,NULL,'HostedRealTimePayment','16c4bb300fa148848acf7d53050dc4e2f8249f1c53344365babbd124f74f57bc',NULL),

(3,3,NULL,'HostedRealTimePayment','3ef6708e56cc43c0be9c1d324ca50f694d8ab356df6a4fbfbcb4c869d10c7a43',NULL),

(4,4,NULL,'HostedRealTimePayment','3c0457041d5c4c389918581f9ce4c02b73ca1cf65c364fcca28d026ed797748d','<?xml version=\"1.0\" encoding=\"utf-8\"?>\n<response>\n  <result>OK</result>\n  <transactionID>OT4</transactionID>\n  <resultID>S</resultID>\n  <resultDescription/>\n  <resultRejectionTypeID>0</resultRejectionTypeID>\n  <resultBankReceiptID>RT26052</resultBankReceiptID>\n  <resultBankSettlementDate/>\n  <creditCardNumberMasked></creditCardNumberMasked>\n  <creditCardName></creditCardName>\n  <creditCardType></creditCardType>\n  <formErrorType/>\n  <formErrorMessage/>\n  <payerFirstName>Alex</payerFirstName>\n  <payerLastName>Armstrong</payerLastName>\n  <payerAddressStreet>95 Boundary Street</payerAddressStreet>\n  <payerAddressSuburb>West End</payerAddressSuburb>\n  <payerAddressState>QLD</payerAddressState>\n  <payerAddressPostCode>1234</payerAddressPostCode>\n  <payerAddressCountry>AUSTRALIA</payerAddressCountry>\n  <payerEmail>typhado@gmail.com</payerEmail>\n  <payerPhone>38440577</payerPhone>\n  <payerMobile>38440577</payerMobile>\n  <transactionAmount>35.00</transactionAmount>\n  <transactionDateTime>2016-06-21 15:33:52</transactionDateTime>\n</response>\n'),

(5,5,NULL,'HostedRealTimePayment','a4bd480b039e41a994ad3c30ee97ac45cc1487f02c8840779adc05f0465dcc01','<?xml version=\"1.0\" encoding=\"utf-8\"?>\n<response>\n  <result>OK</result>\n  <transactionID>OT5</transactionID>\n  <resultID>S</resultID>\n  <resultDescription/>\n  <resultRejectionTypeID>0</resultRejectionTypeID>\n  <resultBankReceiptID>RT26054</resultBankReceiptID>\n  <resultBankSettlementDate/>\n  <creditCardNumberMasked></creditCardNumberMasked>\n  <creditCardName></creditCardName>\n  <creditCardType></creditCardType>\n  <formErrorType/>\n  <formErrorMessage/>\n  <payerFirstName>Alex</payerFirstName>\n  <payerLastName>Armstrong</payerLastName>\n  <payerAddressStreet>95 Boundary Street</payerAddressStreet>\n  <payerAddressSuburb>West End</payerAddressSuburb>\n  <payerAddressState>QLD</payerAddressState>\n  <payerAddressPostCode>1234</payerAddressPostCode>\n  <payerAddressCountry>AUSTRALIA</payerAddressCountry>\n  <payerEmail>typhado@gmail.com</payerEmail>\n  <payerPhone>38440577</payerPhone>\n  <payerMobile>38440577</payerMobile>\n  <transactionAmount>35.00</transactionAmount>\n  <transactionDateTime>2016-06-21 15:55:14</transactionDateTime>\n</response>\n'),

(6,6,NULL,'HostedRealTimePayment','0a1f19e77f084fc99e820dbcd427545446b0c6e929d44a1b93216875614a39d8',NULL),

(7,7,NULL,'HostedRealTimePayment','5e7bf1249c9c4e05ae45bec2939b1fd6120c9614d0264a5aa4e5d83959ef5375','<?xml version=\"1.0\" encoding=\"utf-8\"?>\n<response>\n  <result>OK</result>\n  <transactionID>OT7</transactionID>\n  <resultID>S</resultID>\n  <resultDescription/>\n  <resultRejectionTypeID>0</resultRejectionTypeID>\n  <resultBankReceiptID>RT26085</resultBankReceiptID>\n  <resultBankSettlementDate/>\n  <creditCardNumberMasked></creditCardNumberMasked>\n  <creditCardName></creditCardName>\n  <creditCardType></creditCardType>\n  <formErrorType/>\n  <formErrorMessage/>\n  <payerFirstName>Nicholas</payerFirstName>\n  <payerLastName>Jephcott</payerLastName>\n  <payerAddressStreet>97 boundary Street</payerAddressStreet>\n  <payerAddressSuburb>West End</payerAddressSuburb>\n  <payerAddressState>QLD</payerAddressState>\n  <payerAddressPostCode>1234</payerAddressPostCode>\n  <payerAddressCountry>AUSTRALIA</payerAddressCountry>\n  <payerEmail>nicholas.jephcott@ifactory.com.au</payerEmail>\n  <payerPhone>38440577</payerPhone>\n  <payerMobile>38440577</payerMobile>\n  <transactionAmount>43.50</transactionAmount>\n  <transactionDateTime>2016-06-22 15:10:30</transactionDateTime>\n</response>\n'),

(8,8,NULL,'HostedRealTimePayment','2017c25298b64998bf18ebe36ea46952427fe6a0a2b642c9bc7424073c309d31',NULL),

(9,9,NULL,'HostedRealTimePayment','fe8087b4998d4432bddd434b3be096b6c656f879bb2141d4aa51223206e0be49','<?xml version=\"1.0\" encoding=\"utf-8\"?>\n<response>\n  <result>OK</result>\n  <transactionID>OT9</transactionID>\n  <resultID>S</resultID>\n  <resultDescription/>\n  <resultRejectionTypeID>0</resultRejectionTypeID>\n  <resultBankReceiptID>RT26591</resultBankReceiptID>\n  <resultBankSettlementDate/>\n  <creditCardNumberMasked></creditCardNumberMasked>\n  <creditCardName></creditCardName>\n  <creditCardType></creditCardType>\n  <formErrorType/>\n  <formErrorMessage/>\n  <payerFirstName>asdf</payerFirstName>\n  <payerLastName>asdf</payerLastName>\n  <payerAddressStreet>asdf</payerAddressStreet>\n  <payerAddressSuburb>asdf</payerAddressSuburb>\n  <payerAddressState>QLD</payerAddressState>\n  <payerAddressPostCode>1234</payerAddressPostCode>\n  <payerAddressCountry>AUSTRALIA</payerAddressCountry>\n  <payerEmail>asdf@asdf.com</payerEmail>\n  <payerPhone>asdf</payerPhone>\n  <payerMobile>asdf</payerMobile>\n  <transactionAmount>60.00</transactionAmount>\n  <transactionDateTime>2016-06-23 15:52:11</transactionDateTime>\n</response>\n'),

(10,10,NULL,'HostedRealTimePayment','5726c92c543640099e34a2112ecb2afe3fc66a99b8d94a3f8886cf528015c046',NULL),

(11,11,NULL,'HostedRealTimePayment','a21b2fb7c7a8483aa17f43d6ada87373d2ef12a9829d48e89e99cdb393a997fc',NULL),

(12,12,NULL,'HostedRealTimePayment','17edadcfbbe942f2b4a1f29e5a19996f81f6b8a1c6e847c48dd5bc1c10a320d9',NULL),

(13,13,NULL,'HostedRealTimePayment','6fe579c6c44342a291595217f6cdeb99e58326a1070a4c6693ce01ddb6e57738','<?xml version=\"1.0\" encoding=\"utf-8\"?>\n<response>\n  <result>OK</result>\n  <transactionID>OT13</transactionID>\n  <resultID>S</resultID>\n  <resultDescription/>\n  <resultRejectionTypeID>0</resultRejectionTypeID>\n  <resultBankReceiptID>RT30550</resultBankReceiptID>\n  <resultBankSettlementDate/>\n  <creditCardNumberMasked></creditCardNumberMasked>\n  <creditCardName></creditCardName>\n  <creditCardType></creditCardType>\n  <formErrorType/>\n  <formErrorMessage/>\n  <payerFirstName>Nicholas</payerFirstName>\n  <payerLastName>Jephcott</payerLastName>\n  <payerAddressStreet>97 boundary Street</payerAddressStreet>\n  <payerAddressSuburb>West End</payerAddressSuburb>\n  <payerAddressState>QLD</payerAddressState>\n  <payerAddressPostCode>1234</payerAddressPostCode>\n  <payerAddressCountry>AUSTRALIA</payerAddressCountry>\n  <payerEmail>nicholas.jephcott@ifactory.com.au</payerEmail>\n  <payerPhone>38440577</payerPhone>\n  <payerMobile>38440577</payerMobile>\n  <transactionAmount>70.00</transactionAmount>\n  <transactionDateTime>2016-06-28 15:01:34</transactionDateTime>\n</response>\n'),

(14,15,NULL,'HostedRealTimePayment','77c15351657b47da82a8ef8e1dfd97c8868f99002387404e98c6f02976844013','<?xml version=\"1.0\" encoding=\"utf-8\"?>\n<response>\n  <result>OK</result>\n  <transactionID>OT15</transactionID>\n  <resultID>F</resultID>\n  <resultDescription>REJECTED - INVALID CREDIT CARD</resultDescription>\n  <resultRejectionTypeID>3</resultRejectionTypeID>\n  <resultBankReceiptID>RT36433</resultBankReceiptID>\n  <resultBankSettlementDate/>\n  <creditCardNumberMasked></creditCardNumberMasked>\n  <creditCardName></creditCardName>\n  <creditCardType></creditCardType>\n  <formErrorType/>\n  <formErrorMessage/>\n  <payerFirstName>Nicholas</payerFirstName>\n  <payerLastName>Jephcott</payerLastName>\n  <payerAddressStreet>97 boundary Street</payerAddressStreet>\n  <payerAddressSuburb>West End</payerAddressSuburb>\n  <payerAddressState>QLD</payerAddressState>\n  <payerAddressPostCode>1234</payerAddressPostCode>\n  <payerAddressCountry>AUSTRALIA</payerAddressCountry>\n  <payerEmail>nicholas.jephcott@ifactory.com.au</payerEmail>\n  <payerPhone>38440577</payerPhone>\n  <payerMobile>38440577</payerMobile>\n  <transactionAmount>30.31</transactionAmount>\n  <transactionDateTime>2016-06-29 10:16:21</transactionDateTime>\n</response>\n'),

(15,16,NULL,'HostedRealTimePayment','ae34eaa7dc474b3ca30071cea0cf231682dee30ef0a74c0c8962e96a2ab36ffb','<?xml version=\"1.0\" encoding=\"utf-8\"?>\n<response>\n  <result>OK</result>\n  <transactionID>OT16</transactionID>\n  <resultID>F</resultID>\n  <resultDescription>REJECTED - INVALID CREDIT CARD</resultDescription>\n  <resultRejectionTypeID>3</resultRejectionTypeID>\n  <resultBankReceiptID>RT36439</resultBankReceiptID>\n  <resultBankSettlementDate/>\n  <creditCardNumberMasked></creditCardNumberMasked>\n  <creditCardName></creditCardName>\n  <creditCardType></creditCardType>\n  <formErrorType/>\n  <formErrorMessage/>\n  <payerFirstName>Nicholas</payerFirstName>\n  <payerLastName>Jephcott</payerLastName>\n  <payerAddressStreet>97 boundary Street</payerAddressStreet>\n  <payerAddressSuburb>West End</payerAddressSuburb>\n  <payerAddressState>QLD</payerAddressState>\n  <payerAddressPostCode>1234</payerAddressPostCode>\n  <payerAddressCountry>AUSTRALIA</payerAddressCountry>\n  <payerEmail>nicholas.jephcott@ifactory.com.au</payerEmail>\n  <payerPhone>38440577</payerPhone>\n  <payerMobile>38440577</payerMobile>\n  <transactionAmount>30.31</transactionAmount>\n  <transactionDateTime>2016-06-29 12:19:20</transactionDateTime>\n</response>\n'),

(16,18,NULL,'HostedRealTimePayment','a189a73f2276459ea5d4b74e7fca43eef178ed00a61c4cd3a23514d47f52aadf','<?xml version=\"1.0\" encoding=\"utf-8\"?>\n<response>\n  <result>OK</result>\n  <transactionID>OT18</transactionID>\n  <resultID>F</resultID>\n  <resultDescription>REJECTED - INVALID CREDIT CARD</resultDescription>\n  <resultRejectionTypeID>3</resultRejectionTypeID>\n  <resultBankReceiptID>RT36444</resultBankReceiptID>\n  <resultBankSettlementDate/>\n  <creditCardNumberMasked></creditCardNumberMasked>\n  <creditCardName></creditCardName>\n  <creditCardType></creditCardType>\n  <formErrorType/>\n  <formErrorMessage/>\n  <payerFirstName>Nicholas</payerFirstName>\n  <payerLastName>Jephcott</payerLastName>\n  <payerAddressStreet>97 boundary Street</payerAddressStreet>\n  <payerAddressSuburb>West End</payerAddressSuburb>\n  <payerAddressState>QLD</payerAddressState>\n  <payerAddressPostCode>1234</payerAddressPostCode>\n  <payerAddressCountry>AUSTRALIA</payerAddressCountry>\n  <payerEmail>nicholas.jephcott@ifactory.com.au</payerEmail>\n  <payerPhone>38440577</payerPhone>\n  <payerMobile>38440577</payerMobile>\n  <transactionAmount>30.31</transactionAmount>\n  <transactionDateTime>2016-06-29 14:11:38</transactionDateTime>\n</response>\n'),

(17,19,NULL,'HostedRealTimePayment','d19c57ec66cb45f3b787ec7067833d520d513985b5af4735920d949f98d9c6da','<?xml version=\"1.0\" encoding=\"utf-8\"?>\n<response>\n  <result>OK</result>\n  <transactionID>OT19</transactionID>\n  <resultID>F</resultID>\n  <resultDescription>REJECTED - INVALID CREDIT CARD</resultDescription>\n  <resultRejectionTypeID>3</resultRejectionTypeID>\n  <resultBankReceiptID>RT36445</resultBankReceiptID>\n  <resultBankSettlementDate/>\n  <creditCardNumberMasked></creditCardNumberMasked>\n  <creditCardName></creditCardName>\n  <creditCardType></creditCardType>\n  <formErrorType/>\n  <formErrorMessage/>\n  <payerFirstName>Nicholas</payerFirstName>\n  <payerLastName>Jephcott</payerLastName>\n  <payerAddressStreet>97 boundary Street</payerAddressStreet>\n  <payerAddressSuburb>West End</payerAddressSuburb>\n  <payerAddressState>QLD</payerAddressState>\n  <payerAddressPostCode>1234</payerAddressPostCode>\n  <payerAddressCountry>AUSTRALIA</payerAddressCountry>\n  <payerEmail>nicholas.jephcott@ifactory.com.au</payerEmail>\n  <payerPhone>38440577</payerPhone>\n  <payerMobile>38440577</payerMobile>\n  <transactionAmount>30.31</transactionAmount>\n  <transactionDateTime>2016-06-29 14:14:37</transactionDateTime>\n</response>\n'),

(18,28,NULL,'HostedRealTimePayment','6e0323c7532b429da463e007c4ed2401ca48359daf0c4c6988f88378c8c434bf','<?xml version=\"1.0\" encoding=\"utf-8\"?>\n<response>\n  <result>OK</result>\n  <transactionID>OT28</transactionID>\n  <resultID>S</resultID>\n  <resultDescription/>\n  <resultRejectionTypeID>0</resultRejectionTypeID>\n  <resultBankReceiptID>RT36458</resultBankReceiptID>\n  <resultBankSettlementDate/>\n  <creditCardNumberMasked></creditCardNumberMasked>\n  <creditCardName></creditCardName>\n  <creditCardType></creditCardType>\n  <formErrorType/>\n  <formErrorMessage/>\n  <payerFirstName>Nicholas</payerFirstName>\n  <payerLastName>Jephcott</payerLastName>\n  <payerAddressStreet>97 boundary Street</payerAddressStreet>\n  <payerAddressSuburb>West End</payerAddressSuburb>\n  <payerAddressState>QLD</payerAddressState>\n  <payerAddressPostCode>1234</payerAddressPostCode>\n  <payerAddressCountry>AUSTRALIA</payerAddressCountry>\n  <payerEmail>nicholas.jephcott@ifactory.com.au</payerEmail>\n  <payerPhone>38440577</payerPhone>\n  <payerMobile>38440577</payerMobile>\n  <transactionAmount>20.00</transactionAmount>\n  <transactionDateTime>2016-06-29 17:20:32</transactionDateTime>\n</response>\n'),

(19,101,NULL,'HostedRealTimePayment','da9c6c6c38c54a598ad237f33652a07e7e189e1589dd4d689b07c0b7f471f77c','<?xml version=\"1.0\" encoding=\"utf-8\"?>\n<response>\n  <result>OK</result>\n  <transactionID>OT101</transactionID>\n  <resultID>S</resultID>\n  <resultDescription/>\n  <resultRejectionTypeID>0</resultRejectionTypeID>\n  <resultBankReceiptID>RT38707</resultBankReceiptID>\n  <resultBankSettlementDate/>\n  <creditCardNumberMasked></creditCardNumberMasked>\n  <creditCardName></creditCardName>\n  <creditCardType></creditCardType>\n  <formErrorType/>\n  <formErrorMessage/>\n  <payerFirstName>Nicholas</payerFirstName>\n  <payerLastName>Jephcott</payerLastName>\n  <payerAddressStreet>97 boundary Street</payerAddressStreet>\n  <payerAddressSuburb>West End</payerAddressSuburb>\n  <payerAddressState>QLD</payerAddressState>\n  <payerAddressPostCode>1234</payerAddressPostCode>\n  <payerAddressCountry>AUSTRALIA</payerAddressCountry>\n  <payerEmail>nicholas.jephcott@ifactory.com.au</payerEmail>\n  <payerPhone>38440577</payerPhone>\n  <payerMobile>38440577</payerMobile>\n  <transactionAmount>40.00</transactionAmount>\n  <transactionDateTime>2016-06-30 14:33:09</transactionDateTime>\n</response>\n'),

(20,103,NULL,'HostedRealTimePayment','4ae8c2d6ab2c42289320198bcb10e02e5fa6f5fda96d4f7982f98986757c5db3','<?xml version=\"1.0\" encoding=\"utf-8\"?>\n<response>\n  <result>OK</result>\n  <transactionID>OT103</transactionID>\n  <resultID>S</resultID>\n  <resultDescription/>\n  <resultRejectionTypeID>0</resultRejectionTypeID>\n  <resultBankReceiptID>RT38712</resultBankReceiptID>\n  <resultBankSettlementDate/>\n  <creditCardNumberMasked></creditCardNumberMasked>\n  <creditCardName></creditCardName>\n  <creditCardType></creditCardType>\n  <formErrorType/>\n  <formErrorMessage/>\n  <payerFirstName>Nicholas</payerFirstName>\n  <payerLastName>Jephcott</payerLastName>\n  <payerAddressStreet>97 boundary Street</payerAddressStreet>\n  <payerAddressSuburb>West End</payerAddressSuburb>\n  <payerAddressState>QLD</payerAddressState>\n  <payerAddressPostCode>1234</payerAddressPostCode>\n  <payerAddressCountry>AUSTRALIA</payerAddressCountry>\n  <payerEmail>nicholas.jephcott@ifactory.com.au</payerEmail>\n  <payerPhone>38440577</payerPhone>\n  <payerMobile>38440577</payerMobile>\n  <transactionAmount>70.00</transactionAmount>\n  <transactionDateTime>2016-06-30 15:28:47</transactionDateTime>\n</response>\n'),

(21,104,NULL,'HostedRealTimePayment','6271dbd1b4594db4b7572f156e64318da258f80c112240e7891252dc76256232','<?xml version=\"1.0\" encoding=\"utf-8\"?>\n<response>\n  <result>OK</result>\n  <transactionID>OT104</transactionID>\n  <resultID>S</resultID>\n  <resultDescription/>\n  <resultRejectionTypeID>0</resultRejectionTypeID>\n  <resultBankReceiptID>RT38746</resultBankReceiptID>\n  <resultBankSettlementDate/>\n  <creditCardNumberMasked></creditCardNumberMasked>\n  <creditCardName></creditCardName>\n  <creditCardType></creditCardType>\n  <formErrorType/>\n  <formErrorMessage/>\n  <payerFirstName>Alex</payerFirstName>\n  <payerLastName>Armstrong</payerLastName>\n  <payerAddressStreet>95 Boundary Street</payerAddressStreet>\n  <payerAddressSuburb>West End</payerAddressSuburb>\n  <payerAddressState>QLD</payerAddressState>\n  <payerAddressPostCode>1234</payerAddressPostCode>\n  <payerAddressCountry>AUSTRALIA</payerAddressCountry>\n  <payerEmail>typhado@hotmail.com</payerEmail>\n  <payerPhone>38440577</payerPhone>\n  <payerMobile>38440577</payerMobile>\n  <transactionAmount>40.00</transactionAmount>\n  <transactionDateTime>2016-07-01 15:03:13</transactionDateTime>\n</response>\n'),

(22,105,NULL,'HostedRealTimePayment','3db45733fe934c9c922a91ba4e7defadcd685888e43d4b7880ac5925ec7b14a4','<?xml version=\"1.0\" encoding=\"utf-8\"?>\n<response>\n  <result>OK</result>\n  <transactionID>OT105</transactionID>\n  <resultID>S</resultID>\n  <resultDescription/>\n  <resultRejectionTypeID>0</resultRejectionTypeID>\n  <resultBankReceiptID>RT38747</resultBankReceiptID>\n  <resultBankSettlementDate/>\n  <creditCardNumberMasked></creditCardNumberMasked>\n  <creditCardName></creditCardName>\n  <creditCardType></creditCardType>\n  <formErrorType/>\n  <formErrorMessage/>\n  <payerFirstName>Alex</payerFirstName>\n  <payerLastName>Armstrong</payerLastName>\n  <payerAddressStreet>95 Boundary Street</payerAddressStreet>\n  <payerAddressSuburb>West End</payerAddressSuburb>\n  <payerAddressState>QLD</payerAddressState>\n  <payerAddressPostCode>1234</payerAddressPostCode>\n  <payerAddressCountry>AUSTRALIA</payerAddressCountry>\n  <payerEmail>typhado@hotmail.com</payerEmail>\n  <payerPhone>38440577</payerPhone>\n  <payerMobile>38440577</payerMobile>\n  <transactionAmount>30.00</transactionAmount>\n  <transactionDateTime>2016-07-01 15:12:25</transactionDateTime>\n</response>\n'),

(23,106,NULL,'HostedRealTimePayment','39765388a65b406cb62da6e1d0f15af01d533ae5cde947e2bcf8b7284346728e',NULL),

(24,107,NULL,'HostedRealTimePayment','054ce84d1d7c4980994e7dd571ef579c105c6928026844bd874bba3981d1fb72','<?xml version=\"1.0\" encoding=\"utf-8\"?>\n<response>\n  <result>OK</result>\n  <transactionID>OT107</transactionID>\n  <resultID>S</resultID>\n  <resultDescription/>\n  <resultRejectionTypeID>0</resultRejectionTypeID>\n  <resultBankReceiptID>RT39524</resultBankReceiptID>\n  <resultBankSettlementDate/>\n  <creditCardNumberMasked></creditCardNumberMasked>\n  <creditCardName></creditCardName>\n  <creditCardType></creditCardType>\n  <formErrorType/>\n  <formErrorMessage/>\n  <payerFirstName>Alex</payerFirstName>\n  <payerLastName>Armstrong</payerLastName>\n  <payerAddressStreet>95 Boundary Street</payerAddressStreet>\n  <payerAddressSuburb>West End</payerAddressSuburb>\n  <payerAddressState>QLD</payerAddressState>\n  <payerAddressPostCode>1234</payerAddressPostCode>\n  <payerAddressCountry>AUSTRALIA</payerAddressCountry>\n  <payerEmail>typhado@hotmail.com</payerEmail>\n  <payerPhone>38440577</payerPhone>\n  <payerMobile>38440577</payerMobile>\n  <transactionAmount>40.00</transactionAmount>\n  <transactionDateTime>2016-07-05 10:00:43</transactionDateTime>\n</response>\n'),

(25,114,NULL,'HostedRealTimePayment','e98fce93c5a44dd79fecdce245cca3c65b1f1872d3ed410cb964d347820885ca',NULL),

(26,116,NULL,'HostedRealTimePayment','00384e185bb34d2d9f9c2bab68c50b842553b0140fa34958a43042b865e9a0a1','<?xml version=\"1.0\" encoding=\"utf-8\"?>\n<response>\n  <result>OK</result>\n  <transactionID>OT116</transactionID>\n  <resultID>S</resultID>\n  <resultDescription/>\n  <resultRejectionTypeID>0</resultRejectionTypeID>\n  <resultBankReceiptID>RT39525</resultBankReceiptID>\n  <resultBankSettlementDate/>\n  <creditCardNumberMasked></creditCardNumberMasked>\n  <creditCardName></creditCardName>\n  <creditCardType></creditCardType>\n  <formErrorType/>\n  <formErrorMessage/>\n  <payerFirstName>Alex</payerFirstName>\n  <payerLastName>Armstrong</payerLastName>\n  <payerAddressStreet>95 Boundary Street</payerAddressStreet>\n  <payerAddressSuburb>West End</payerAddressSuburb>\n  <payerAddressState>QLD</payerAddressState>\n  <payerAddressPostCode>1234</payerAddressPostCode>\n  <payerAddressCountry>AUSTRALIA</payerAddressCountry>\n  <payerEmail>typhado@hotmail.com</payerEmail>\n  <payerPhone>38440577</payerPhone>\n  <payerMobile>38440577</payerMobile>\n  <transactionAmount>40.00</transactionAmount>\n  <transactionDateTime>2016-07-05 10:53:46</transactionDateTime>\n</response>\n'),

(27,117,NULL,'HostedRealTimePayment','56bb8de8a7664a8ca1290a87f6ff555e68187b20ec36421280ad286a959754f6','<?xml version=\"1.0\" encoding=\"utf-8\"?>\n<response>\n  <result>OK</result>\n  <transactionID>OT117</transactionID>\n  <resultID>S</resultID>\n  <resultDescription/>\n  <resultRejectionTypeID>0</resultRejectionTypeID>\n  <resultBankReceiptID>RT39526</resultBankReceiptID>\n  <resultBankSettlementDate/>\n  <creditCardNumberMasked></creditCardNumberMasked>\n  <creditCardName></creditCardName>\n  <creditCardType></creditCardType>\n  <formErrorType/>\n  <formErrorMessage/>\n  <payerFirstName>Alex</payerFirstName>\n  <payerLastName>Armstrong</payerLastName>\n  <payerAddressStreet>95 Boundary Street</payerAddressStreet>\n  <payerAddressSuburb>West End</payerAddressSuburb>\n  <payerAddressState>QLD</payerAddressState>\n  <payerAddressPostCode>1234</payerAddressPostCode>\n  <payerAddressCountry>AUSTRALIA</payerAddressCountry>\n  <payerEmail>typhado@hotmail.com</payerEmail>\n  <payerPhone>38440577</payerPhone>\n  <payerMobile>38440577</payerMobile>\n  <transactionAmount>40.00</transactionAmount>\n  <transactionDateTime>2016-07-05 11:16:35</transactionDateTime>\n</response>\n'),

(28,119,NULL,'HostedRealTimePayment','e7047dde473245f6a25ef4c2c6241705487814b6777c420aaddf34e983c108dc','<?xml version=\"1.0\" encoding=\"utf-8\"?>\n<response>\n  <result>ERROR</result>\n  <errortype>ACCESS_DENIED</errortype>\n  <errormessage>This function requires head office users to provide a business reference</errormessage>\n<creditCardNumberMasked></creditCardNumberMasked><creditCardName></creditCardName><creditCardType></creditCardType></response>\n'),

(29,122,NULL,'HostedRealTimePayment','4b96fdf64405471e9d57941d1db73af00588bd5fa37441549965cbd49275f5a5','<?xml version=\"1.0\" encoding=\"utf-8\"?>\n<response>\n  <result>OK</result>\n  <transactionID>OT122</transactionID>\n  <resultID>S</resultID>\n  <resultDescription/>\n  <resultRejectionTypeID>0</resultRejectionTypeID>\n  <resultBankReceiptID>RT40481</resultBankReceiptID>\n  <resultBankSettlementDate/>\n  <creditCardNumberMasked></creditCardNumberMasked>\n  <creditCardName></creditCardName>\n  <creditCardType></creditCardType>\n  <formErrorType/>\n  <formErrorMessage/>\n  <payerFirstName>Alex</payerFirstName>\n  <payerLastName>Armstrong</payerLastName>\n  <payerAddressStreet>95 Boundary Street</payerAddressStreet>\n  <payerAddressSuburb>West End</payerAddressSuburb>\n  <payerAddressState>QLD</payerAddressState>\n  <payerAddressPostCode>1234</payerAddressPostCode>\n  <payerAddressCountry>AUSTRALIA</payerAddressCountry>\n  <payerEmail>typhado@hotmail.com</payerEmail>\n  <payerPhone>38440577</payerPhone>\n  <payerMobile>38440577</payerMobile>\n  <transactionAmount>36.70</transactionAmount>\n  <transactionDateTime>2016-07-07 15:10:01</transactionDateTime>\n</response>\n'),

(30,124,NULL,'HostedRealTimePayment','b43139be00a14589a4809cf0213a2379ec511016ce01419ab984fe86f0afdf37',NULL),

(31,125,NULL,'HostedRealTimePayment','921638875b424aa88ad4e007df521b1080af10ec06b144ec9de9c4f2dbe96a75',NULL),

(32,126,NULL,'HostedRealTimePayment','079760e8a8ae410d95a331c9479291321253c8ca2b074ae6a33fa1b36ee40350','<?xml version=\"1.0\" encoding=\"utf-8\"?>\n<response>\n  <result>OK</result>\n  <transactionID>OT126</transactionID>\n  <resultID>S</resultID>\n  <resultDescription/>\n  <resultRejectionTypeID>0</resultRejectionTypeID>\n  <resultBankReceiptID>RT40483</resultBankReceiptID>\n  <resultBankSettlementDate/>\n  <creditCardNumberMasked></creditCardNumberMasked>\n  <creditCardName></creditCardName>\n  <creditCardType></creditCardType>\n  <formErrorType/>\n  <formErrorMessage/>\n  <payerFirstName>Alex</payerFirstName>\n  <payerLastName>Armstrong</payerLastName>\n  <payerAddressStreet>95 Boundary Street</payerAddressStreet>\n  <payerAddressSuburb>West End</payerAddressSuburb>\n  <payerAddressState>QLD</payerAddressState>\n  <payerAddressPostCode>1234</payerAddressPostCode>\n  <payerAddressCountry>AUSTRALIA</payerAddressCountry>\n  <payerEmail>typhado@hotmail.com</payerEmail>\n  <payerPhone>38440577</payerPhone>\n  <payerMobile>38440577</payerMobile>\n  <transactionAmount>26.50</transactionAmount>\n  <transactionDateTime>2016-07-07 15:25:11</transactionDateTime>\n</response>\n'),

(33,127,NULL,'HostedRealTimePayment','11b17858e82147978d1e16b12aa48928f87300a6ad00484eafaffedae53c24ae',NULL),

(34,128,NULL,'HostedRealTimePayment','43420bea371c4c838e0980097a8763f2a674d2f79e524ffe9f16190537514607',NULL),

(35,129,NULL,'HostedRealTimePayment','82ff2a09235e42589143080a7a688490b61673f3219d476bbd454d16aa987f02',NULL),

(36,130,NULL,'HostedRealTimePayment','dc8be50caa41471ab6824f56f73716917082f9ab962f4e7d9f7d180808ac7ae8','<?xml version=\"1.0\" encoding=\"utf-8\"?>\n<response>\n  <result>OK</result>\n  <transactionID>OT130</transactionID>\n  <resultID>S</resultID>\n  <resultDescription/>\n  <resultRejectionTypeID>0</resultRejectionTypeID>\n  <resultBankReceiptID>RT40486</resultBankReceiptID>\n  <resultBankSettlementDate/>\n  <creditCardNumberMasked></creditCardNumberMasked>\n  <creditCardName></creditCardName>\n  <creditCardType></creditCardType>\n  <formErrorType/>\n  <formErrorMessage/>\n  <payerFirstName>Alex</payerFirstName>\n  <payerLastName>Armstrong</payerLastName>\n  <payerAddressStreet>95 Boundary Street</payerAddressStreet>\n  <payerAddressSuburb>West End</payerAddressSuburb>\n  <payerAddressState>QLD</payerAddressState>\n  <payerAddressPostCode>1234</payerAddressPostCode>\n  <payerAddressCountry>AUSTRALIA</payerAddressCountry>\n  <payerEmail>typhado@hotmail.com</payerEmail>\n  <payerPhone>38440577</payerPhone>\n  <payerMobile>38440577</payerMobile>\n  <transactionAmount>26.50</transactionAmount>\n  <transactionDateTime>2016-07-07 16:54:00</transactionDateTime>\n</response>\n'),

(37,132,NULL,'HostedRealTimePayment','3fc62cd967ea4f0abe469886ab9aaaa4c2a201e97e234cc6ba63a6ee05ece6b3','<?xml version=\"1.0\" encoding=\"utf-8\"?>\n<response>\n  <result>OK</result>\n  <transactionID>OT132</transactionID>\n  <resultID>S</resultID>\n  <resultDescription/>\n  <resultRejectionTypeID>0</resultRejectionTypeID>\n  <resultBankReceiptID>RT40487</resultBankReceiptID>\n  <resultBankSettlementDate/>\n  <creditCardNumberMasked></creditCardNumberMasked>\n  <creditCardName></creditCardName>\n  <creditCardType></creditCardType>\n  <formErrorType/>\n  <formErrorMessage/>\n  <payerFirstName>Alex</payerFirstName>\n  <payerLastName>Armstrong</payerLastName>\n  <payerAddressStreet>95 Boundary Street</payerAddressStreet>\n  <payerAddressSuburb>West End</payerAddressSuburb>\n  <payerAddressState>QLD</payerAddressState>\n  <payerAddressPostCode>1234</payerAddressPostCode>\n  <payerAddressCountry>AUSTRALIA</payerAddressCountry>\n  <payerEmail>typhado@hotmail.com</payerEmail>\n  <payerPhone>38440577</payerPhone>\n  <payerMobile>38440577</payerMobile>\n  <transactionAmount>60.00</transactionAmount>\n  <transactionDateTime>2016-07-07 19:16:34</transactionDateTime>\n</response>\n'),

(38,133,NULL,'HostedRealTimePayment','01accc7b996b47ceaed7f81ebcaa3c2cf0c6dfac2a0449deb8db8d17a87c12cf',NULL),

(39,134,NULL,'HostedRealTimePayment','10e2fcba2c5d417bba0cb9f8925eeaea44b34ec22aba4602a527d2397bdf9110',NULL),

(40,135,NULL,'HostedRealTimePayment','0c8ad6df858f4e4dba1f1d35c6233ee535c1b1df20594d17a2da40fce79be09a',NULL),

(41,136,NULL,'HostedRealTimePayment','5e218702b7f34c33a06ecb4e1132102e4ef00895cf924c87bcfe227cd89d3485',NULL),

(42,137,NULL,'HostedRealTimePayment','f9b9de1b792746dab2d65cd2451dabacac04f5bce5b84abb8df1702f60bd473c',NULL),

(43,138,NULL,'HostedRealTimePayment','f4ce5d7977e84fcb8bf72e6fc471f49c74670e0c4b9846a6ac756f4580fb661b',NULL),

(44,139,NULL,'HostedRealTimePayment','6a9e2708c08d45c88eb7574942f5e794b13485bcd11543029b6fe269df2a7105','<?xml version=\"1.0\" encoding=\"utf-8\"?>\n<response>\n  <result>OK</result>\n  <transactionID>OT139</transactionID>\n  <resultID>S</resultID>\n  <resultDescription/>\n  <resultRejectionTypeID>0</resultRejectionTypeID>\n  <resultBankReceiptID>RT40488</resultBankReceiptID>\n  <resultBankSettlementDate/>\n  <creditCardNumberMasked></creditCardNumberMasked>\n  <creditCardName></creditCardName>\n  <creditCardType></creditCardType>\n  <formErrorType/>\n  <formErrorMessage/>\n  <payerFirstName>Alex</payerFirstName>\n  <payerLastName>Armstrong</payerLastName>\n  <payerAddressStreet>95 Boundary Street</payerAddressStreet>\n  <payerAddressSuburb>West End</payerAddressSuburb>\n  <payerAddressState>QLD</payerAddressState>\n  <payerAddressPostCode>1234</payerAddressPostCode>\n  <payerAddressCountry>AUSTRALIA</payerAddressCountry>\n  <payerEmail>typhado@hotmail.com</payerEmail>\n  <payerPhone>38440577</payerPhone>\n  <payerMobile>38440577</payerMobile>\n  <transactionAmount>60.00</transactionAmount>\n  <transactionDateTime>2016-07-07 19:25:48</transactionDateTime>\n</response>\n'),

(45,140,NULL,'HostedRealTimePayment','2b9edf230d144ec79223e073f08d49d760a146643a01498fb05e7f14e26e6d44',NULL),

(46,141,NULL,'HostedRealTimePayment','d31a46fa63a64012a2e9af6ab989b1fed34b2308d24e4d6da76e02f985c4a1f5',NULL),

(47,142,NULL,'HostedRealTimePayment','1a6a0fa245f5432aaeb2bf496347f3fe1e350db958fa47db91e2ef5810d49817',NULL),

(48,143,NULL,'HostedRealTimePayment','6ab4320879964ee4a657bd5c7866fb18a7714d3747f54cae953c80df2ba1c2d3',NULL),

(49,144,NULL,'HostedRealTimePayment','c9ccb62ad3c949caad7961709706e0ce2ea6d7b7630b43b994c881dd58c2b7d0',NULL),

(50,145,NULL,'HostedRealTimePayment','031275ef6bf24bc39cf4f2fdbd6b45b1f92a901994fc477d8516c4a5fbdc3024',NULL),

(51,146,NULL,'HostedRealTimePayment','0472cb67cc4f4be7b389f3013a7f504c5f468b4b019d4fe8aff19e79ccc9c2b1',NULL),

(52,147,NULL,'HostedRealTimePayment','e88f94da8201457ab0372b590fb19b5d350bc6a9ef364e018d672d170d50b180',NULL),

(53,NULL,NULL,NULL,NULL,'<?xml version=\"1.0\" encoding=\"utf-8\"?>\n<response>\n  <result>ERROR</result>\n  <errortype>PARAMETER_INVALID</errortype>\n  <errormessage>The \'webPageToken\' parameter is missing</errormessage>\n<creditCardNumberMasked></creditCardNumberMasked><creditCardName></creditCardName><creditCardType></creditCardType></response>\n'),

(54,502,NULL,'HostedRealTimePayment','2cd0ba7d76854cfeba84d2514090d0e9a01bcc5808f741f198f605d0b270c63c','<?xml version=\"1.0\" encoding=\"utf-8\"?>\n<response>\n  <result>OK</result>\n  <transactionID>OT502</transactionID>\n  <resultID>S</resultID>\n  <resultDescription/>\n  <resultRejectionTypeID>0</resultRejectionTypeID>\n  <resultBankReceiptID>RT40578</resultBankReceiptID>\n  <resultBankSettlementDate/>\n  <creditCardNumberMasked></creditCardNumberMasked>\n  <creditCardName></creditCardName>\n  <creditCardType></creditCardType>\n  <formErrorType/>\n  <formErrorMessage/>\n  <payerFirstName>Alex</payerFirstName>\n  <payerLastName>Armstrong</payerLastName>\n  <payerAddressStreet>95 Boundary Street</payerAddressStreet>\n  <payerAddressSuburb>West End</payerAddressSuburb>\n  <payerAddressState>QLD</payerAddressState>\n  <payerAddressPostCode>1234</payerAddressPostCode>\n  <payerAddressCountry>AUSTRALIA</payerAddressCountry>\n  <payerEmail>typhado@hotmail.com</payerEmail>\n  <payerPhone>38440577</payerPhone>\n  <payerMobile>38440577</payerMobile>\n  <transactionAmount>20.00</transactionAmount>\n  <transactionDateTime>2016-07-11 16:03:11</transactionDateTime>\n</response>\n'),

(55,503,NULL,'HostedRealTimePayment','dabd9dba74b44d66aa6754c8fd7798d05dcbde9e73c24d3d9e3b004c6fc0a026',NULL),

(56,504,NULL,'HostedRealTimePayment','dc8eac7b796d46668c12f143e7291e79fde576994ac3494d86c4c355aa7099b4',NULL),

(57,505,NULL,'HostedRealTimePayment','d59570d8763c4826adca7d744f233a0a8cf0f66c25ea471bb19b35005f0e577d',NULL),

(58,506,NULL,'HostedRealTimePayment','b1859e4940a24c19a55e045e868eb6f4fc7d972f1417493697eb9b12202ff256',NULL),

(59,507,NULL,'HostedRealTimePayment','03a5fad4e47647688f95e5bd89208311d81c920cab2f4442906bd22bad114f4e',NULL),

(60,508,NULL,'HostedRealTimePayment','2b433a4687474203ba5dd2a3e073fc87f0394d57cfc84fb4902b1ce76264ab22',NULL),

(61,509,NULL,'HostedRealTimePayment','4ac3a65f85514c5f814da6bb5b0537b12d36bedef1ef48608dd53cb6ba80f17e',NULL),

(62,510,NULL,'HostedRealTimePayment','b62373ca23c24b80b4fc730f88e8871b5d52a93730544dd58db3b3eb6ad5d314',NULL),

(63,511,NULL,'HostedRealTimePayment','9ca97c6131e14e73a8ee8c30af693000fa580652cd094071a329f888f7e8a541','<?xml version=\"1.0\" encoding=\"utf-8\"?>\n<response>\n  <result>OK</result>\n  <transactionID>OT511</transactionID>\n  <resultID>S</resultID>\n  <resultDescription/>\n  <resultRejectionTypeID>0</resultRejectionTypeID>\n  <resultBankReceiptID>RT42472</resultBankReceiptID>\n  <resultBankSettlementDate/>\n  <creditCardNumberMasked></creditCardNumberMasked>\n  <creditCardName></creditCardName>\n  <creditCardType></creditCardType>\n  <formErrorType/>\n  <formErrorMessage/>\n  <payerFirstName>Alex</payerFirstName>\n  <payerLastName>Armstrong</payerLastName>\n  <payerAddressStreet>95 Boundary Street</payerAddressStreet>\n  <payerAddressSuburb>West End</payerAddressSuburb>\n  <payerAddressState>QLD</payerAddressState>\n  <payerAddressPostCode>1234</payerAddressPostCode>\n  <payerAddressCountry>AUSTRALIA</payerAddressCountry>\n  <payerEmail>typhado@hotmail.com</payerEmail>\n  <payerPhone>38440577</payerPhone>\n  <payerMobile>38440577</payerMobile>\n  <transactionAmount>70.00</transactionAmount>\n  <transactionDateTime>2016-07-12 15:16:53</transactionDateTime>\n</response>\n'),

(64,513,NULL,'HostedRealTimePayment','835aff33c8df45cfa6ecfcec4907a1d339a8d5dcd149448599c5ef530126f188',NULL),

(65,514,NULL,'HostedRealTimePayment','581038d201194969a428d1976813883cdc4fd7eb481a47f094c43819caa48cd5',NULL),

(66,515,NULL,'HostedRealTimePayment','9519a618bfc948e5a618037343a71975c4300068824c4ff59eaeb74dfb316c7a',NULL),

(67,516,NULL,'HostedRealTimePayment','97b59f96ab494b10b03d18fdf41a2a01fc5dc21f971d415cae7e1031df1df7e8',NULL),

(68,517,NULL,'HostedRealTimePayment','3578ea42a07c4cfa9ff5b849ecf4952ccbbc4f6e8a554a8994c0c3d04350d466',NULL),

(69,600,NULL,'HostedRealTimePayment','9a7a52831ba943c7829cf60127cd673aa1bc7739ea524ad1b5d2538725f2790a',NULL),

(70,602,NULL,'HostedRealTimePayment','bb30d26af30645449a8558d3e1f09368279ba41de8c949e0b674c997f6c27157','<?xml version=\"1.0\" encoding=\"utf-8\"?>\n<response>\n  <result>OK</result>\n  <transactionID>OT602</transactionID>\n  <resultID>S</resultID>\n  <resultDescription/>\n  <resultRejectionTypeID>0</resultRejectionTypeID>\n  <resultBankReceiptID>RT65857</resultBankReceiptID>\n  <resultBankSettlementDate/>\n  <creditCardNumberMasked></creditCardNumberMasked>\n  <creditCardName></creditCardName>\n  <creditCardType></creditCardType>\n  <formErrorType/>\n  <formErrorMessage/>\n  <payerFirstName>Alex</payerFirstName>\n  <payerLastName>Armstrong</payerLastName>\n  <payerAddressStreet>95 Boundary Street</payerAddressStreet>\n  <payerAddressSuburb>West End</payerAddressSuburb>\n  <payerAddressState>QLD</payerAddressState>\n  <payerAddressPostCode>1234</payerAddressPostCode>\n  <payerAddressCountry>AUSTRALIA</payerAddressCountry>\n  <payerEmail>typhado@hotmail.com</payerEmail>\n  <payerPhone>38440577</payerPhone>\n  <payerMobile>38440577</payerMobile>\n  <transactionAmount>1.00</transactionAmount>\n  <transactionDateTime>2016-07-28 14:04:51</transactionDateTime>\n</response>\n'),

(71,603,NULL,'HostedRealTimePayment','985d691d54dc4bf8a70e0948dcb31d814574e713c4954ca49395d57743df53b8',NULL),

(72,604,NULL,'HostedRealTimePayment','3e98aee20f634e13ba722056515f05015190d2034fc3418c9b2b847de8a7d406','<?xml version=\"1.0\" encoding=\"utf-8\"?>\n<response>\n  <result>OK</result>\n  <transactionID>OT604</transactionID>\n  <resultID>S</resultID>\n  <resultDescription/>\n  <resultRejectionTypeID>0</resultRejectionTypeID>\n  <resultBankReceiptID>RT65858</resultBankReceiptID>\n  <resultBankSettlementDate/>\n  <creditCardNumberMasked></creditCardNumberMasked>\n  <creditCardName></creditCardName>\n  <creditCardType></creditCardType>\n  <formErrorType/>\n  <formErrorMessage/>\n  <payerFirstName>Alex</payerFirstName>\n  <payerLastName>Armstrong</payerLastName>\n  <payerAddressStreet>95 Boundary Street</payerAddressStreet>\n  <payerAddressSuburb>West End</payerAddressSuburb>\n  <payerAddressState>QLD</payerAddressState>\n  <payerAddressPostCode>1234</payerAddressPostCode>\n  <payerAddressCountry>AUSTRALIA</payerAddressCountry>\n  <payerEmail>typhado@hotmail.com</payerEmail>\n  <payerPhone>38440577</payerPhone>\n  <payerMobile>38440577</payerMobile>\n  <transactionAmount>1.00</transactionAmount>\n  <transactionDateTime>2016-07-28 14:19:09</transactionDateTime>\n</response>\n'),

(73,605,NULL,'HostedRealTimePayment','6e1e7d04e67e466fb54f72b308852e76e52fcd8167384b8dbf30b13a3b8767c1',NULL),

(74,606,NULL,'HostedRealTimePayment','a145224f45cf413cafe187d13c5432b45dce99b3f0f94ab8bcc2eb4a7c3726a1',NULL),

(75,608,NULL,'HostedRealTimePayment','e566b56550c7450eba9cc20feeb58d6d6c70a21e5938435aa6e0b804b4ff453f','<?xml version=\"1.0\" encoding=\"utf-8\"?>\n<response>\n  <result>OK</result>\n  <transactionID>OT608</transactionID>\n  <resultID>E</resultID>\n  <resultDescription/>\n  <resultRejectionTypeID/>\n  <resultBankReceiptID/>\n  <resultBankSettlementDate/>\n  <creditCardNumberMasked></creditCardNumberMasked>\n  <creditCardName></creditCardName>\n  <creditCardType></creditCardType>\n  <formErrorType>INVALID_CCV</formErrorType>\n  <formErrorMessage>Invalid value supplied for \'CreditCardSecurityCode\' form field</formErrorMessage>\n  <payerFirstName/>\n  <payerLastName/>\n  <payerAddressStreet/>\n  <payerAddressSuburb/>\n  <payerAddressState/>\n  <payerAddressPostCode/>\n  <payerAddressCountry/>\n  <payerEmail/>\n  <payerPhone/>\n  <payerMobile/>\n  <transactionAmount/>\n  <transactionDateTime/>\n</response>\n'),

(76,610,NULL,'HostedRealTimePayment','b4acd540c558407ebffa4749fb5c59e58d8ef3740b7f4f4cb20f236a548ffee5','<?xml version=\"1.0\" encoding=\"utf-8\"?>\n<response>\n  <result>OK</result>\n  <transactionID>OT610</transactionID>\n  <resultID>S</resultID>\n  <resultDescription/>\n  <resultRejectionTypeID>0</resultRejectionTypeID>\n  <resultBankReceiptID>RT67269</resultBankReceiptID>\n  <resultBankSettlementDate/>\n  <creditCardNumberMasked></creditCardNumberMasked>\n  <creditCardName></creditCardName>\n  <creditCardType></creditCardType>\n  <formErrorType/>\n  <formErrorMessage/>\n  <payerFirstName>Alex</payerFirstName>\n  <payerLastName>Armstrong</payerLastName>\n  <payerAddressStreet>95 Boundary Street</payerAddressStreet>\n  <payerAddressSuburb>West End</payerAddressSuburb>\n  <payerAddressState>QLD</payerAddressState>\n  <payerAddressPostCode>1234</payerAddressPostCode>\n  <payerAddressCountry>AUSTRALIA</payerAddressCountry>\n  <payerEmail>typhado@hotmail.com</payerEmail>\n  <payerPhone>38440577</payerPhone>\n  <payerMobile>38440577</payerMobile>\n  <transactionAmount>30.00</transactionAmount>\n  <transactionDateTime>2016-08-17 16:59:27</transactionDateTime>\n</response>\n'),

(77,611,NULL,'HostedRealTimePayment','26852bd72ea44b16a68a6b1b5662e3bba69ea22c4f174dde8c4284ed59f016ac',NULL),

(78,612,NULL,'HostedRealTimePayment','71b759581f1a4f85b71eea9e4ff99076441bb33ebdaa45468dff1479fdb046af',NULL),

(79,613,NULL,'HostedRealTimePayment','c47985fe7a0e487a884de3846b006462d680e26155994410a9c28dc1e077aada',NULL),

(80,614,NULL,'HostedRealTimePayment','50c3883fa341437a9383c82fb4f1b4500ad7beb1878949e38ac69c325e73ced0',NULL),

(81,615,NULL,'HostedRealTimePayment','ffacf0193970450ebbd85114664c956cdaf54bb60805456e83b218f9eba245b2',NULL),

(82,616,NULL,'HostedRealTimePayment','86bd6c6130844afcb2ef258888b6cc736043ebf9d2a44387b50ed8de20f7fec9',NULL),

(83,617,NULL,'HostedRealTimePayment','be0b5ecd68c740d283f1705a266309744f103269f9f4481ab12ab22792da9f25',NULL),

(84,619,NULL,'HostedRealTimePayment','c9e40a9755204e01928c18e6ddf731eec0074c1199864f0e896bd3a6e5abcc3a',NULL),

(85,620,NULL,'HostedRealTimePayment','96d41a9b51bb4d27ab0792c12ff6b26507039bcbfd094d9bbb6032249e58267a',NULL),

(86,621,NULL,'HostedRealTimePayment','9c3367eb07434a2db27dc7c9df0a52e0641558d07cb54eae8631b3b10d0da5fd',NULL),

(87,622,NULL,'HostedRealTimePayment','a207cc709f914b31b09c27259a76ff8fe64436eb881144dea75b111edf283d99',NULL),

(88,623,NULL,'HostedRealTimePayment','ce2c05d356a64f2c839210cc34f78e4e9040eb1719e84ab8869cda9892b27d63',NULL),

(89,624,NULL,'HostedRealTimePayment','2a5e6ec4f4044246926abb8014fdb5a620edda577f174f62838d9318b0123307',NULL),

(90,625,NULL,'HostedRealTimePayment','0c1a716bd73c40cea0dcbc4a59992718664e98fafb794af4a840b2d9f7ec8ede',NULL),

(91,628,NULL,'HostedRealTimePayment','4aeba88f14584bc0970cec8e1c25714b05a532667c0f44ecae1f30801f09563b','<?xml version=\"1.0\" encoding=\"utf-8\"?>\n<response>\n  <result>OK</result>\n  <transactionID>OT628</transactionID>\n  <resultID>S</resultID>\n  <resultDescription/>\n  <resultRejectionTypeID>0</resultRejectionTypeID>\n  <resultBankReceiptID>RT78001</resultBankReceiptID>\n  <resultBankSettlementDate/>\n  <creditCardNumberMasked></creditCardNumberMasked>\n  <creditCardName></creditCardName>\n  <creditCardType></creditCardType>\n  <formErrorType/>\n  <formErrorMessage/>\n  <payerFirstName>Alex</payerFirstName>\n  <payerLastName>Armstrong</payerLastName>\n  <payerAddressStreet>95 Boundary Street</payerAddressStreet>\n  <payerAddressSuburb>West End</payerAddressSuburb>\n  <payerAddressState>QLD</payerAddressState>\n  <payerAddressPostCode>1234</payerAddressPostCode>\n  <payerAddressCountry>AUSTRALIA</payerAddressCountry>\n  <payerEmail>typhado@hotmail.com</payerEmail>\n  <payerPhone>38440577</payerPhone>\n  <payerMobile>38440577</payerMobile>\n  <transactionAmount>90.50</transactionAmount>\n  <transactionDateTime>2016-08-25 15:53:06</transactionDateTime>\n</response>\n'),

(92,629,NULL,'HostedRealTimePayment','426e332847e24ffc8e74e2c155acf0b3b62c8a0d37c044beb404e372910cfc2e',NULL),

(93,700,NULL,'HostedRealTimePayment','785790ec06a540d7ac21528c0c7def6ed385894fc6a742158a09342da4a038d0',NULL),

(94,701,NULL,'HostedRealTimePayment','c955a8e8ed22476a8c6478f97b50b6f7c7759fe2b0cf4d6995f3ff4b05244fec',NULL),

(95,702,NULL,'HostedRealTimePayment','5d40bdcc9afc409bbe7a90c5f03d21a40f3df3d86c834a4699efbb81cb44fb07',NULL);

/*Table structure for table `payments` */

DROP TABLE IF EXISTS `payments`;

CREATE TABLE `payments` (
  `id` int(11) NOT NULL AUTO_INCREMENT,
  `user` int(11) NOT NULL,
  `to_user` int(11) NOT NULL,
  `datestamp` datetime DEFAULT NULL,
  `success` tinyint(1) NOT NULL,
  `error` tinyint(1) NOT NULL DEFAULT '0',
  `transaction_id` varchar(255) NOT NULL,
  `amount` float NOT NULL,
  `fee` float NOT NULL,
  `inc_gst` tinyint(1) NOT NULL,
  `gst` float NOT NULL,
  `total` float NOT NULL,
  `status` varchar(10) NOT NULL,
  `trainer_paid` tinyint(1) NOT NULL,
  `useremail` varchar(255) DEFAULT NULL,
  `recurring` tinyint(1) NOT NULL DEFAULT '0',
  `frequency` varchar(255) DEFAULT NULL,
  `every` int(11) DEFAULT NULL,
  `active` int(11) DEFAULT NULL,
  `last_payment` date DEFAULT NULL,
  `termsId` int(11) DEFAULT NULL,
  `payment_for` text,
  `notes` text,
  PRIMARY KEY (`id`)
) ENGINE=InnoDB AUTO_INCREMENT=703 DEFAULT CHARSET=latin1;

/*Data for the table `payments` */

insert  into `payments`(`id`,`user`,`to_user`,`datestamp`,`success`,`error`,`transaction_id`,`amount`,`fee`,`inc_gst`,`gst`,`total`,`status`,`trainer_paid`,`useremail`,`recurring`,`frequency`,`every`,`active`,`last_payment`,`termsId`,`payment_for`,`notes`) values 

(1,118,66,'2016-06-21 11:22:35',0,0,'',35,0,0,0,175,'complete',0,NULL,0,NULL,NULL,NULL,NULL,NULL,NULL,NULL),

(2,118,66,'2016-06-21 11:42:50',0,0,'',35,0,0,0,35,'unpaid',0,NULL,0,NULL,NULL,NULL,NULL,NULL,NULL,NULL),

(3,118,66,'2016-06-21 11:59:42',0,0,'',35,0,0,0,35,'unpaid',0,NULL,0,NULL,NULL,NULL,NULL,NULL,NULL,NULL),

(4,137,66,'2016-06-21 16:33:33',0,0,'',35,0,0,0,35,'complete',0,NULL,0,NULL,NULL,NULL,NULL,NULL,NULL,NULL),

(5,137,66,'2016-06-21 16:55:00',0,0,'',35,0,0,0,35,'complete',0,NULL,0,NULL,NULL,NULL,NULL,NULL,NULL,NULL),

(6,137,66,'2016-06-22 10:12:57',0,0,'',60,0,0,0,60,'unpaid',0,NULL,0,NULL,NULL,NULL,NULL,NULL,NULL,NULL),

(7,118,66,'2016-06-22 15:19:28',0,0,'',42,1.5,0,0,43.5,'complete',0,NULL,0,NULL,NULL,NULL,NULL,13,NULL,'Show me the money'),

(8,138,66,'2016-06-23 16:20:12',0,0,'',40,0,0,0,40,'unpaid',0,NULL,0,NULL,NULL,NULL,NULL,NULL,NULL,NULL),

(9,138,66,'2016-06-23 16:51:56',0,0,'',60,0,0,0,60,'complete',0,NULL,0,NULL,NULL,NULL,NULL,NULL,NULL,NULL),

(10,118,66,'2016-06-24 12:17:53',0,0,'',70,0,0,0,70,'unpaid',0,NULL,0,NULL,NULL,NULL,NULL,NULL,NULL,NULL),

(11,118,66,'2016-06-24 12:18:45',0,0,'',70,0,0,0,70,'unpaid',0,NULL,0,NULL,NULL,NULL,NULL,NULL,NULL,NULL),

(12,118,66,'2016-06-24 12:19:25',0,0,'',70,0,0,0,70,'unpaid',0,NULL,0,NULL,NULL,NULL,NULL,NULL,NULL,NULL),

(13,118,66,'2016-06-28 16:01:19',0,0,'',70,0,0,0,70,'complete',0,NULL,0,NULL,NULL,NULL,NULL,NULL,NULL,NULL),

(14,118,66,'2016-06-28 16:01:22',0,0,'',70,0,0,0,70,'unpaid',0,NULL,0,NULL,NULL,NULL,NULL,NULL,NULL,NULL),

(15,118,66,'2016-06-29 11:16:00',0,0,'',30.31,0,0,0,30.31,'unpaid',0,NULL,0,NULL,NULL,NULL,NULL,NULL,NULL,NULL),

(16,118,66,'2016-06-29 13:19:06',0,0,'',30.31,0,0,0,30.31,'unpaid',0,NULL,0,NULL,NULL,NULL,NULL,NULL,NULL,NULL),

(17,118,66,'2016-06-29 15:11:14',0,0,'',30.31,0,0,0,30.31,'unpaid',0,NULL,0,NULL,NULL,NULL,NULL,NULL,NULL,NULL),

(18,118,66,'2016-06-29 15:11:23',0,0,'',30.31,0,0,0,30.31,'failed',0,NULL,0,NULL,NULL,NULL,NULL,NULL,NULL,NULL),

(19,118,66,'2016-06-29 15:14:23',0,0,'',30.31,0,0,0,30.31,'failed',0,NULL,0,NULL,NULL,NULL,NULL,NULL,NULL,NULL),

(20,118,66,'2016-06-29 18:15:21',0,0,'',20,0,0,0,20,'unpaid',0,NULL,0,NULL,NULL,NULL,NULL,NULL,NULL,NULL),

(21,118,66,'2016-06-29 18:15:26',0,0,'',20,0,0,0,20,'unpaid',0,NULL,0,NULL,NULL,NULL,NULL,NULL,NULL,NULL),

(22,118,66,'2016-06-29 18:16:34',0,0,'',20,0,0,0,20,'unpaid',0,NULL,0,NULL,NULL,NULL,NULL,NULL,NULL,NULL),

(23,118,66,'2016-06-29 18:16:56',0,0,'',20,0,0,0,20,'unpaid',0,NULL,0,NULL,NULL,NULL,NULL,NULL,NULL,NULL),

(24,118,66,'2016-06-29 18:18:13',0,0,'',20,0,0,0,20,'unpaid',0,NULL,0,NULL,NULL,NULL,NULL,NULL,NULL,NULL),

(25,118,66,'2016-06-29 18:18:37',0,0,'',20,0,0,0,20,'unpaid',0,NULL,0,NULL,NULL,NULL,NULL,NULL,NULL,NULL),

(26,118,66,'2016-06-29 18:18:56',0,0,'',20,0,0,0,20,'unpaid',0,NULL,0,NULL,NULL,NULL,NULL,NULL,NULL,NULL),

(27,118,66,'2016-06-29 18:19:26',0,0,'',20,0,0,0,20,'unpaid',0,NULL,0,NULL,NULL,NULL,NULL,NULL,NULL,NULL),

(28,118,66,'2016-06-29 18:20:17',0,0,'',20,0,0,0,20,'complete',0,NULL,0,NULL,NULL,NULL,NULL,NULL,NULL,NULL),

(29,137,66,'2016-06-30 10:19:41',0,0,'',40,0,0,0,40,'unpaid',0,NULL,0,NULL,NULL,NULL,NULL,NULL,NULL,NULL),

(30,137,66,'2016-06-30 10:20:05',0,0,'',40,0,0,0,40,'unpaid',0,NULL,0,NULL,NULL,NULL,NULL,NULL,NULL,NULL),

(31,137,66,'2016-06-30 10:23:16',0,0,'',40,0,0,0,40,'unpaid',0,NULL,0,NULL,NULL,NULL,NULL,NULL,NULL,NULL),

(32,137,66,'2016-06-30 10:24:33',0,0,'',40,0,0,0,40,'unpaid',0,NULL,0,NULL,NULL,NULL,NULL,NULL,NULL,NULL),

(33,137,66,'2016-06-30 10:25:17',0,0,'',40,0,0,0,40,'unpaid',0,NULL,0,NULL,NULL,NULL,NULL,NULL,NULL,NULL),

(34,137,66,'2016-06-30 10:25:31',0,0,'',40,0,0,0,40,'unpaid',0,NULL,0,NULL,NULL,NULL,NULL,NULL,NULL,NULL),

(35,118,66,'2016-06-30 15:16:35',0,0,'',40,0,0,0,40,'unpaid',0,NULL,0,NULL,NULL,NULL,NULL,NULL,NULL,NULL),

(36,118,66,'2016-06-30 15:17:01',0,0,'',40,0,0,0,40,'unpaid',0,NULL,0,NULL,NULL,NULL,NULL,NULL,NULL,NULL),

(100,118,66,'2016-06-30 15:22:02',0,0,'',40,0,0,0,40,'unpaid',0,NULL,0,NULL,NULL,NULL,NULL,NULL,NULL,NULL),

(101,118,66,'2016-06-30 15:32:44',0,0,'',40,0,0,0,40,'complete',0,NULL,0,NULL,NULL,NULL,NULL,NULL,NULL,NULL),

(102,118,66,'2016-06-30 16:27:14',0,0,'',40,0,0,0,40,'unpaid',0,NULL,0,NULL,NULL,NULL,NULL,NULL,NULL,NULL),

(103,118,66,'2016-06-30 16:28:31',0,0,'',70,0,0,0,70,'complete',0,NULL,0,NULL,NULL,NULL,NULL,NULL,NULL,NULL),

(104,137,66,'2016-07-01 16:02:57',0,0,'',40,0,0,0,40,'complete',0,NULL,0,NULL,NULL,NULL,NULL,NULL,NULL,NULL),

(105,137,66,'2016-07-01 16:12:13',0,0,'',30,0,0,0,30,'complete',0,NULL,0,NULL,NULL,NULL,NULL,NULL,NULL,NULL),

(106,137,66,'2016-07-04 12:11:43',0,0,'',40,0,0,0,40,'unpaid',0,NULL,0,NULL,NULL,NULL,NULL,NULL,NULL,NULL),

(107,137,66,'2016-07-05 11:00:16',0,0,'',40,0,0,0,40,'complete',0,NULL,0,NULL,NULL,NULL,NULL,NULL,NULL,NULL),

(108,137,66,'2016-07-05 11:34:00',0,0,'',40,0,0,0,40,'unpaid',0,NULL,0,NULL,NULL,NULL,NULL,NULL,NULL,NULL),

(109,137,66,'2016-07-05 11:35:26',0,0,'',40,0,0,0,40,'unpaid',0,NULL,0,NULL,NULL,NULL,NULL,NULL,NULL,NULL),

(110,137,66,'2016-07-05 11:36:22',0,0,'',40,0,0,0,40,'unpaid',0,NULL,0,NULL,NULL,NULL,NULL,NULL,NULL,NULL),

(111,137,66,'2016-07-05 11:45:50',0,0,'',40,0,0,0,40,'unpaid',0,NULL,0,NULL,NULL,NULL,NULL,NULL,NULL,NULL),

(112,137,66,'2016-07-05 11:46:16',0,0,'',40,0,0,0,40,'unpaid',0,NULL,0,NULL,NULL,NULL,NULL,NULL,NULL,NULL),

(113,137,66,'2016-07-05 11:50:46',0,0,'',40,0,0,0,40,'unpaid',0,NULL,0,NULL,NULL,NULL,NULL,NULL,NULL,NULL),

(114,137,66,'2016-07-05 11:52:13',0,0,'',40,0,0,0,40,'unpaid',0,NULL,0,NULL,NULL,NULL,NULL,NULL,NULL,NULL),

(115,137,66,'2016-07-05 11:52:40',0,0,'',40,0,0,0,40,'unpaid',0,NULL,0,NULL,NULL,NULL,NULL,NULL,NULL,NULL),

(116,137,66,'2016-07-05 11:53:30',0,0,'',40,0,0,0,40,'complete',0,NULL,0,NULL,NULL,NULL,NULL,NULL,NULL,NULL),

(117,137,66,'2016-07-05 12:16:18',0,0,'',40,0,0,0,40,'complete',0,NULL,0,NULL,NULL,NULL,NULL,NULL,NULL,NULL),

(118,137,66,'2016-07-05 12:24:42',0,0,'',40,0,0,0,40,'unpaid',0,NULL,0,NULL,NULL,NULL,NULL,NULL,NULL,NULL),

(119,137,66,'2016-07-07 15:16:11',0,0,'',30,1.5,0,1,34.5,'complete',0,NULL,0,NULL,NULL,NULL,NULL,14,NULL,'show me da money'),

(120,0,0,NULL,0,0,'',0,0,0,0,0,'failed',0,NULL,0,NULL,NULL,NULL,NULL,NULL,NULL,NULL),

(121,0,0,NULL,0,0,'',0,0,0,0,0,'failed',0,NULL,0,NULL,NULL,NULL,NULL,NULL,NULL,NULL),

(122,137,66,'2016-07-07 16:07:18',0,0,'',32,1.5,0,1,36.7,'complete',0,NULL,0,NULL,NULL,NULL,NULL,15,NULL,''),

(123,141,140,'2016-07-07 16:17:23',0,0,'',40,0,0,0,40,'unpaid',0,NULL,0,NULL,NULL,NULL,NULL,NULL,NULL,NULL),

(124,141,140,'2016-07-07 16:17:51',0,0,'',80,0,0,0,80,'unpaid',0,NULL,0,NULL,NULL,NULL,NULL,NULL,NULL,NULL),

(125,141,140,'2016-07-07 16:17:51',0,0,'',80,0,0,0,80,'unpaid',0,NULL,0,NULL,NULL,NULL,NULL,NULL,NULL,NULL),

(126,137,66,'2016-07-07 16:24:53',0,0,'',25,1.5,0,0,26.5,'complete',0,NULL,0,NULL,NULL,NULL,NULL,16,NULL,'muscle show'),

(127,141,140,'2016-07-07 16:29:52',0,0,'',60,0,0,0,60,'unpaid',0,NULL,0,NULL,NULL,NULL,NULL,NULL,NULL,NULL),

(128,137,66,'2016-07-07 16:42:54',0,0,'',20,1.5,0,1,23.5,'pending',0,NULL,0,NULL,NULL,NULL,NULL,17,NULL,''),

(129,141,140,'2016-07-07 17:26:14',0,0,'',60,0,0,0,60,'unpaid',0,NULL,0,NULL,NULL,NULL,NULL,NULL,NULL,NULL),

(130,137,66,'2016-07-07 17:48:07',0,0,'',25,1.5,0,0,26.5,'complete',0,NULL,0,NULL,NULL,NULL,NULL,18,NULL,''),

(131,142,140,'2016-07-07 19:34:50',0,0,'',100,0,0,0,100,'unpaid',0,NULL,0,NULL,NULL,NULL,NULL,NULL,NULL,NULL),

(132,137,66,'2016-07-07 20:16:11',0,0,'',60,0,0,0,60,'complete',0,NULL,0,NULL,NULL,NULL,NULL,NULL,NULL,NULL),

(133,141,140,'2016-07-07 20:18:29',0,0,'',70,0,0,0,70,'unpaid',0,NULL,0,NULL,NULL,NULL,NULL,NULL,NULL,NULL),

(134,141,140,'2016-07-07 20:18:42',0,0,'',35,0,0,0,35,'unpaid',0,NULL,0,NULL,NULL,NULL,NULL,NULL,NULL,NULL),

(135,141,140,'2016-07-07 20:18:54',0,0,'',60,0,0,0,60,'unpaid',0,NULL,0,NULL,NULL,NULL,NULL,NULL,NULL,NULL),

(136,137,66,'2016-07-07 20:19:31',0,0,'',60,0,0,0,60,'unpaid',0,NULL,0,NULL,NULL,NULL,NULL,NULL,NULL,NULL),

(137,137,66,'2016-07-07 20:21:48',0,0,'',60,0,0,0,60,'unpaid',0,NULL,0,NULL,NULL,NULL,NULL,NULL,NULL,NULL),

(138,137,66,'2016-07-07 20:22:28',0,0,'',60,0,0,0,60,'unpaid',0,NULL,0,NULL,NULL,NULL,NULL,NULL,NULL,NULL),

(139,137,66,'2016-07-07 20:24:59',0,0,'',60,0,0,0,60,'complete',0,NULL,0,NULL,NULL,NULL,NULL,NULL,NULL,NULL),

(140,141,140,'2016-07-08 11:23:09',0,0,'',70,0,0,0,70,'unpaid',0,NULL,0,NULL,NULL,NULL,NULL,NULL,NULL,NULL),

(141,141,140,'2016-07-08 11:23:36',0,0,'',70,0,0,0,70,'unpaid',0,NULL,0,NULL,NULL,NULL,NULL,NULL,NULL,NULL),

(142,141,140,'2016-07-08 11:23:37',0,0,'',70,0,0,0,70,'unpaid',0,NULL,0,NULL,NULL,NULL,NULL,NULL,NULL,NULL),

(143,141,140,'2016-07-08 11:23:37',0,0,'',70,0,0,0,70,'unpaid',0,NULL,0,NULL,NULL,NULL,NULL,NULL,NULL,NULL),

(144,141,140,'2016-07-08 11:23:37',0,0,'',70,0,0,0,70,'unpaid',0,NULL,0,NULL,NULL,NULL,NULL,NULL,NULL,NULL),

(145,141,140,'2016-07-08 11:23:47',0,0,'',70,0,0,0,70,'unpaid',0,NULL,0,NULL,NULL,NULL,NULL,NULL,NULL,NULL),

(146,137,66,'2016-07-08 12:45:34',0,0,'',60,0,0,0,60,'unpaid',0,NULL,0,NULL,NULL,NULL,NULL,NULL,NULL,NULL),

(147,137,66,'2016-07-08 12:46:35',0,0,'',60,0,0,0,60,'unpaid',0,NULL,0,NULL,NULL,NULL,NULL,NULL,NULL,NULL),

(148,137,66,'2016-07-08 13:08:02',0,0,'',50,1.5,0,0,51.5,'pending',0,NULL,0,NULL,NULL,NULL,NULL,19,NULL,''),

(149,0,0,NULL,0,0,'',0,0,0,0,0,'failed',0,NULL,0,NULL,NULL,NULL,NULL,NULL,NULL,NULL),

(150,137,66,'2016-07-11 16:18:18',0,0,'',50,1.5,0,0,51.5,'pending',0,NULL,0,NULL,NULL,NULL,NULL,20,NULL,''),

(151,118,66,'2016-07-11 16:21:01',0,0,'',50,1.5,0,0,51.5,'pending',0,NULL,0,NULL,NULL,NULL,NULL,21,NULL,'asdf'),

(500,137,66,'2016-07-11 16:34:56',0,0,'',25,1.5,0,0,25,'pending',0,NULL,0,NULL,NULL,NULL,NULL,22,NULL,'asdf'),

(501,137,66,'2016-07-11 16:35:08',0,0,'',25,1.5,0,1,27.5,'pending',0,NULL,0,NULL,NULL,NULL,NULL,23,NULL,'fdsa'),

(502,137,66,'2016-07-11 17:00:51',0,0,'',20,1.5,0,0,20,'complete',0,NULL,0,NULL,NULL,NULL,NULL,24,NULL,'weekly 20'),

(503,118,66,'2016-07-12 11:01:32',0,0,'',140,0,0,0,140,'unpaid',0,NULL,0,NULL,NULL,NULL,NULL,NULL,NULL,NULL),

(504,118,66,'2016-07-12 11:11:43',0,0,'',110,0,0,0,110,'unpaid',0,NULL,0,NULL,NULL,NULL,NULL,NULL,NULL,NULL),

(505,118,66,'2016-07-12 11:11:59',0,0,'',110,0,0,0,110,'unpaid',0,NULL,0,NULL,NULL,NULL,NULL,NULL,NULL,NULL),

(506,118,66,'2016-07-12 11:12:28',0,0,'',110,0,0,0,110,'unpaid',0,NULL,0,NULL,NULL,NULL,NULL,NULL,NULL,NULL),

(507,118,66,'2016-07-12 11:13:14',0,0,'',90,0,0,0,90,'unpaid',0,NULL,0,NULL,NULL,NULL,NULL,NULL,NULL,NULL),

(508,118,66,'2016-07-12 11:14:04',0,0,'',110,0,0,0,110,'unpaid',0,NULL,0,NULL,NULL,NULL,NULL,NULL,NULL,NULL),

(509,118,66,'2016-07-12 11:34:10',0,0,'',60,0,0,0,60,'unpaid',0,NULL,0,NULL,NULL,NULL,NULL,NULL,NULL,NULL),

(510,118,66,'2016-07-12 11:47:16',0,0,'',140,0,0,0,140,'unpaid',0,NULL,0,NULL,NULL,NULL,NULL,NULL,NULL,NULL),

(511,137,66,'2016-07-12 16:16:38',0,0,'',70,0,0,0,70,'complete',0,NULL,0,NULL,NULL,NULL,NULL,NULL,NULL,NULL),

(512,144,140,'2016-07-12 16:32:07',0,0,'',60,0,0,0,60,'unpaid',0,NULL,0,NULL,NULL,NULL,NULL,NULL,NULL,NULL),

(513,144,140,'2016-07-12 16:32:23',0,0,'',60,0,0,0,120,'unpaid',0,NULL,0,NULL,NULL,NULL,NULL,NULL,NULL,NULL),

(514,137,136,'2016-07-13 10:30:06',0,0,'',50,0,0,0,50,'unpaid',0,NULL,0,NULL,NULL,NULL,NULL,NULL,NULL,NULL),

(515,137,136,'2016-07-13 10:30:24',0,0,'',50,0,0,0,50,'unpaid',0,NULL,0,NULL,NULL,NULL,NULL,NULL,NULL,NULL),

(516,144,140,'2016-07-13 12:21:51',0,0,'',60,0,0,0,60,'unpaid',0,NULL,0,NULL,NULL,NULL,NULL,NULL,NULL,NULL),

(517,144,66,'2016-07-13 16:22:52',0,0,'',80,0,0,0,80,'unpaid',0,NULL,0,NULL,NULL,NULL,NULL,NULL,NULL,NULL),

(518,137,66,'2016-07-28 14:54:22',0,0,'',60,0,0,0,60,'unpaid',0,NULL,0,NULL,NULL,NULL,NULL,NULL,NULL,NULL),

(600,137,66,'2016-07-28 14:57:26',0,0,'',60,0,0,0,60,'unpaid',0,NULL,0,NULL,NULL,NULL,NULL,NULL,NULL,NULL),

(601,137,66,'2016-07-28 14:58:30',0,0,'',0,0,0,0,0,'unpaid',0,NULL,0,NULL,NULL,NULL,NULL,NULL,NULL,NULL),

(602,137,66,'2016-07-28 15:04:35',0,0,'',1,0,0,0,1,'complete',0,NULL,0,NULL,NULL,NULL,NULL,NULL,NULL,NULL),

(603,137,66,'2016-07-28 15:05:14',0,0,'',1,0,0,0,1,'unpaid',0,NULL,0,NULL,NULL,NULL,NULL,NULL,NULL,NULL),

(604,137,66,'2016-07-28 15:18:55',0,0,'',1,0,0,0,1,'complete',0,NULL,0,NULL,NULL,NULL,NULL,NULL,NULL,NULL),

(605,137,66,'2016-07-28 15:20:06',0,0,'',60,0,0,0,60,'unpaid',0,NULL,0,NULL,NULL,NULL,NULL,NULL,NULL,NULL),

(606,137,66,'2016-07-28 15:20:53',0,0,'',40,0,0,0,40,'unpaid',0,NULL,0,NULL,NULL,NULL,NULL,NULL,NULL,NULL),

(607,0,0,NULL,0,0,'',0,0,0,0,0,'failed',0,NULL,0,NULL,NULL,NULL,NULL,NULL,NULL,NULL),

(608,66,66,'2016-08-11 18:08:12',0,0,'',1,0,0,0,1,'failed',0,NULL,0,NULL,NULL,NULL,NULL,NULL,NULL,NULL),

(609,137,136,'2016-08-17 17:47:20',0,0,'',0,0,0,0,0,'unpaid',0,NULL,0,NULL,NULL,NULL,NULL,NULL,NULL,NULL),

(610,137,136,'2016-08-17 17:59:05',0,0,'',30,0,0,0,30,'complete',0,NULL,0,NULL,NULL,NULL,NULL,NULL,NULL,NULL),

(611,137,136,'2016-08-18 15:09:27',0,0,'',90.5,0,0,0,90.5,'unpaid',0,NULL,0,NULL,NULL,NULL,NULL,NULL,NULL,NULL),

(612,146,136,'2016-08-18 16:21:04',0,0,'',10,0,0,0,10,'unpaid',0,NULL,0,NULL,NULL,NULL,NULL,NULL,NULL,NULL),

(613,146,136,'2016-08-18 16:23:47',0,0,'',44,0,0,0,44,'unpaid',0,NULL,0,NULL,NULL,NULL,NULL,NULL,NULL,NULL),

(614,146,136,'2016-08-18 16:28:05',0,0,'',44,0,0,0,44,'unpaid',0,NULL,0,NULL,NULL,NULL,NULL,NULL,NULL,NULL),

(615,146,136,'2016-08-18 16:29:01',0,0,'',90.5,0,0,0,90.5,'unpaid',0,NULL,0,NULL,NULL,NULL,NULL,NULL,NULL,NULL),

(616,146,136,'2016-08-18 16:40:38',0,0,'',90.5,0,0,0,90.5,'unpaid',0,NULL,0,NULL,NULL,NULL,NULL,NULL,NULL,NULL),

(617,146,136,'2016-08-18 16:44:36',0,0,'',90.5,0,0,0,90.5,'unpaid',0,NULL,0,NULL,NULL,NULL,NULL,NULL,NULL,NULL),

(618,146,136,'2016-08-18 16:45:27',0,0,'',90.5,0,0,0,90.5,'unpaid',0,NULL,0,NULL,NULL,NULL,NULL,NULL,NULL,NULL),

(619,146,136,'2016-08-18 16:47:35',0,0,'',44,0,0,0,44,'unpaid',0,NULL,0,NULL,NULL,NULL,NULL,NULL,NULL,NULL),

(620,146,136,'2016-08-18 16:47:52',0,0,'',115,0,0,0,115,'unpaid',0,NULL,0,NULL,NULL,NULL,NULL,NULL,NULL,NULL),

(621,146,136,'2016-08-18 17:11:05',0,0,'',90.5,0,0,0,90.5,'unpaid',0,NULL,0,NULL,NULL,NULL,NULL,NULL,NULL,NULL),

(622,146,136,'2016-08-18 17:11:24',0,0,'',50,0,0,0,50,'unpaid',0,NULL,0,NULL,NULL,NULL,NULL,NULL,NULL,NULL),

(623,146,136,'2016-08-18 17:11:34',0,0,'',10,0,0,0,10,'unpaid',0,NULL,0,NULL,NULL,NULL,NULL,NULL,NULL,NULL),

(624,146,136,'2016-08-18 17:12:43',0,0,'',50,0,0,0,50,'unpaid',0,NULL,0,NULL,NULL,NULL,NULL,NULL,NULL,NULL),

(625,146,136,'2016-08-18 17:15:16',0,0,'',50,0,0,0,150,'unpaid',0,NULL,0,NULL,NULL,NULL,NULL,NULL,NULL,NULL),

(626,0,0,NULL,0,0,'',0,0,0,0,0,'failed',0,NULL,0,NULL,NULL,NULL,NULL,NULL,NULL,NULL),

(627,146,136,'2016-08-19 12:36:02',0,0,'',0,0,0,0,0,'complete',0,NULL,0,NULL,NULL,NULL,NULL,NULL,NULL,NULL),

(628,137,136,'2016-08-25 16:52:44',0,0,'',90.5,0,0,0,90.5,'complete',0,NULL,0,NULL,NULL,NULL,NULL,NULL,NULL,NULL),

(629,137,136,'2016-08-25 17:14:20',0,0,'',1,0,0,0,1,'unpaid',0,NULL,0,NULL,NULL,NULL,NULL,NULL,NULL,NULL),

(630,137,136,'2016-08-25 17:15:30',0,0,'',1,0,0,0,1,'unpaid',0,NULL,0,NULL,NULL,NULL,NULL,NULL,NULL,NULL),

(631,137,136,'2016-08-25 17:16:13',0,0,'',1,0,0,0,1,'unpaid',0,NULL,0,NULL,NULL,NULL,NULL,NULL,NULL,NULL),

(700,137,136,'2016-08-25 17:16:57',0,0,'',1,0,0,0,1,'unpaid',0,NULL,0,NULL,NULL,NULL,NULL,NULL,NULL,NULL),

(701,137,136,'2016-08-25 17:19:03',0,0,'',1,0,0,0,1,'unpaid',0,NULL,0,NULL,NULL,NULL,NULL,NULL,NULL,NULL),

(702,137,136,'2016-08-25 17:19:58',0,0,'',1,0,0,0,1,'unpaid',0,NULL,0,NULL,NULL,NULL,NULL,NULL,NULL,NULL);

/*Table structure for table `pending_payments` */

DROP TABLE IF EXISTS `pending_payments`;

CREATE TABLE `pending_payments` (
  `id` int(11) NOT NULL AUTO_INCREMENT,
  `user_id` int(11) NOT NULL,
  `trainer_id` int(11) NOT NULL,
  `price` float NOT NULL,
  `gst` tinyint(1) NOT NULL,
  `notes` varchar(255) NOT NULL,
  `fee` float NOT NULL,
  `total` float NOT NULL,
  `user_email` varchar(255) DEFAULT NULL,
  `termsId` int(11) NOT NULL,
  PRIMARY KEY (`id`)
) ENGINE=InnoDB AUTO_INCREMENT=3 DEFAULT CHARSET=latin1;

/*Data for the table `pending_payments` */

insert  into `pending_payments`(`id`,`user_id`,`trainer_id`,`price`,`gst`,`notes`,`fee`,`total`,`user_email`,`termsId`) values 

(1,113,66,20,0,'blarg',1.5,21.5,NULL,2),

(2,118,66,42,0,'asdfasdf',1.5,43.5,NULL,12);

/*Table structure for table `pt_bookings` */

DROP TABLE IF EXISTS `pt_bookings`;

CREATE TABLE `pt_bookings` (
  `id` int(11) NOT NULL AUTO_INCREMENT,
  `user` int(11) NOT NULL,
  `to_user` int(11) NOT NULL,
  `session_id` int(11) NOT NULL COMMENT 'deprecated',
  `time` datetime NOT NULL,
  `length` int(11) NOT NULL,
  `payment_id` int(11) NOT NULL,
  `cancelled` tinyint(1) NOT NULL,
  `pay_status` varchar(255) NOT NULL,
  `participant_notes` text,
  `session_notes` text NOT NULL,
  `location` int(11) NOT NULL,
  PRIMARY KEY (`id`)
) ENGINE=InnoDB AUTO_INCREMENT=92 DEFAULT CHARSET=latin1;

/*Data for the table `pt_bookings` */

insert  into `pt_bookings`(`id`,`user`,`to_user`,`session_id`,`time`,`length`,`payment_id`,`cancelled`,`pay_status`,`participant_notes`,`session_notes`,`location`) values 

(1,137,66,0,'2016-06-20 10:15:00',30,6,0,'unpaid',NULL,'',1),

(2,138,66,0,'2016-06-25 11:00:00',30,8,0,'unpaid',NULL,'',2),

(3,138,66,0,'2016-06-20 10:00:00',30,9,0,'complete','Meet by the right enterence','',1),

(4,118,66,0,'2016-06-25 13:00:00',60,10,0,'unpaid','Please don\'t make me run.','',2),

(5,118,66,0,'2016-06-25 13:00:00',60,11,0,'unpaid','Please don\'t make me run.','',2),

(6,118,66,0,'2016-06-25 11:00:00',60,12,0,'unpaid','BEEEEEEESSSSS','',2),

(7,118,66,0,'2016-07-16 14:15:00',60,13,0,'complete','another booking','',2),

(8,137,66,0,'2016-07-09 14:00:00',30,29,0,'unpaid',NULL,'',2),

(9,137,66,0,'2016-07-09 14:00:00',30,30,0,'unpaid',NULL,'',2),

(10,137,66,0,'2016-07-09 14:15:00',30,31,0,'unpaid',NULL,'',2),

(11,137,66,0,'2016-07-03 14:15:00',30,32,0,'unpaid','','',2),

(12,137,66,0,'2016-07-03 14:15:00',30,33,0,'unpaid','','',2),

(13,137,66,0,'2016-07-03 14:15:00',30,34,0,'unpaid','','',2),

(14,118,66,0,'2016-07-09 15:15:00',30,35,0,'unpaid','','',2),

(15,118,66,0,'2016-07-03 14:15:00',30,36,0,'unpaid','','',2),

(16,118,66,0,'2016-07-03 14:15:00',30,100,0,'unpaid','','',2),

(17,118,66,0,'2016-07-03 14:15:00',30,101,0,'complete','','',2),

(18,118,66,0,'2016-07-09 14:30:00',30,102,0,'unpaid','','',2),

(19,118,66,0,'2016-07-09 14:30:00',60,103,0,'complete','','',2),

(20,137,66,0,'2016-07-10 11:15:00',30,104,0,'complete','participant contend sipsum','',2),

(21,137,66,0,'2016-07-10 11:00:00',30,106,0,'unpaid','','',2),

(22,137,66,0,'2016-07-10 13:15:00',30,107,0,'complete','asdf','',2),

(23,137,66,0,'2016-07-10 12:00:00',30,108,0,'unpaid','','',2),

(24,137,66,0,'2016-07-10 12:00:00',30,109,0,'unpaid','','',2),

(25,137,66,0,'2016-07-10 12:00:00',30,110,0,'unpaid','','',2),

(26,137,66,0,'2016-07-10 12:00:00',30,111,0,'unpaid','','',2),

(27,137,66,0,'2016-07-10 12:00:00',30,112,0,'unpaid','','',2),

(28,137,66,0,'2016-07-10 12:00:00',30,113,0,'unpaid','','',2),

(29,137,66,0,'2016-07-10 12:00:00',30,114,0,'unpaid','','',2),

(30,137,66,0,'2016-07-10 12:00:00',30,115,0,'unpaid','','',2),

(31,137,66,0,'2016-07-10 12:00:00',30,116,0,'complete','','',2),

(32,137,66,0,'2016-07-10 12:30:00',30,117,0,'complete','','',2),

(33,137,66,0,'2016-07-09 10:00:00',30,118,0,'unpaid','','',2),

(34,141,140,0,'2016-07-11 10:00:00',45,123,0,'unpaid','I will do my best','',26),

(35,141,140,0,'2016-07-13 13:00:00',60,124,0,'unpaid','','',27),

(36,141,140,0,'2016-07-13 13:00:00',60,125,0,'unpaid','','',27),

(37,142,140,0,'2016-07-11 10:00:00',60,131,0,'unpaid','','',27),

(38,137,66,0,'2016-07-04 11:00:00',30,132,0,'complete','','',1),

(39,141,140,0,'2016-07-08 13:00:00',45,133,0,'unpaid','juyfhtfjhf','',27),

(40,141,140,0,'2016-07-08 13:00:00',45,134,0,'unpaid','juyfhtfjhf','',27),

(41,137,66,0,'2016-07-04 12:00:00',30,136,0,'unpaid','','',1),

(42,137,66,0,'2016-07-04 12:00:00',30,137,0,'unpaid','','',1),

(43,137,66,0,'2016-07-04 12:00:00',30,138,0,'unpaid','','',1),

(44,137,66,0,'2016-07-04 12:00:00',30,139,0,'complete','','',1),

(45,141,140,0,'2016-07-13 13:00:00',45,140,0,'unpaid','','',27),

(46,141,140,0,'2016-07-13 13:00:00',45,141,0,'unpaid','','',27),

(47,141,140,0,'2016-07-13 13:15:00',45,142,0,'unpaid','','',27),

(48,141,140,0,'2016-07-13 13:15:00',45,143,0,'unpaid','','',27),

(49,141,140,0,'2016-07-13 13:15:00',45,144,0,'unpaid','','',27),

(50,141,140,0,'2016-07-15 13:00:00',45,145,0,'unpaid','','',27),

(51,137,66,0,'2016-07-04 09:00:00',30,146,0,'unpaid','cfbdfbfdb','',1),

(52,137,66,0,'2016-07-04 09:00:00',30,147,0,'unpaid','','',1),

(53,118,66,0,'2016-07-11 10:00:00',60,503,0,'unpaid','','',1),

(54,118,66,0,'2016-07-11 13:00:00',60,504,0,'unpaid','','',1),

(55,118,66,0,'2016-07-11 11:15:00',60,505,0,'unpaid','','',1),

(56,118,66,0,'2016-07-11 11:15:00',60,506,0,'unpaid','','',1),

(57,118,66,0,'2016-07-11 12:00:00',30,507,0,'unpaid','','',1),

(58,118,66,0,'2016-07-11 12:00:00',60,508,0,'unpaid','','',1),

(59,118,66,0,'2016-07-11 12:15:00',30,509,0,'unpaid','','',1),

(60,118,66,0,'2016-07-11 11:00:00',60,510,0,'unpaid','','',1),

(61,137,66,0,'2016-07-17 13:15:00',60,511,0,'complete','asdf','',2),

(62,137,136,0,'2016-07-14 10:00:00',30,514,0,'unpaid','','',30),

(63,137,136,0,'2016-07-13 11:00:00',30,515,0,'unpaid','','',30),

(64,144,66,0,'2016-07-15 10:00:00',60,517,0,'unpaid','','',3),

(65,137,66,0,'2016-07-25 11:00:00',30,518,0,'unpaid','asdf','',1),

(66,137,66,0,'2016-07-25 10:00:00',30,600,0,'unpaid','','',1),

(67,137,66,0,'2016-07-25 11:30:00',30,601,0,'unpaid','','',1),

(68,137,66,0,'2016-07-25 10:15:00',30,602,0,'complete','','',1),

(69,137,66,0,'2016-07-25 12:00:00',30,603,0,'unpaid','','',1),

(70,137,66,0,'2016-07-25 12:15:00',30,604,0,'complete','','',1),

(71,137,66,0,'2016-07-25 13:15:00',30,605,0,'unpaid','','',1),

(72,137,66,0,'2016-07-30 13:15:00',30,606,0,'unpaid','','',2),

(73,66,66,0,'2016-08-08 12:00:00',30,608,0,'unpaid','test','',1),

(74,137,136,0,'2016-08-16 11:00:00',30,611,0,'unpaid','','',25),

(75,146,136,0,'2016-08-17 10:00:00',45,613,0,'unpaid','','',37),

(76,146,136,0,'2016-08-17 10:15:00',45,614,0,'unpaid','','',37),

(77,146,136,0,'2016-08-16 11:00:00',30,615,0,'unpaid','','',25),

(78,146,136,0,'2016-08-16 11:00:00',30,616,0,'unpaid','','',25),

(79,146,136,0,'2016-08-16 12:15:00',30,617,0,'unpaid','','',25),

(80,146,136,0,'2016-08-16 12:00:00',30,618,0,'unpaid','','',25),

(81,146,136,0,'2016-08-17 10:00:00',45,619,0,'unpaid','','',37),

(82,146,136,0,'2016-08-15 12:00:00',45,620,0,'unpaid','','',25),

(83,146,136,0,'2016-08-16 12:00:00',30,621,0,'unpaid','','',25),

(84,146,136,0,'2016-08-15 11:15:00',30,627,0,'complete','','',25),

(85,137,136,0,'2016-08-23 11:15:00',30,628,0,'complete','','',25),

(86,137,136,0,'2016-08-23 12:00:00',30,629,0,'unpaid','','',25),

(87,137,136,0,'2016-08-23 12:00:00',30,630,0,'unpaid','','',25),

(88,137,136,0,'2016-08-23 13:15:00',30,631,0,'unpaid','','',25),

(89,137,136,0,'2016-08-23 12:00:00',30,700,0,'unpaid','','',25),

(90,137,136,0,'2016-08-23 14:00:00',30,701,0,'unpaid','','',25),

(91,137,136,0,'2016-08-23 13:00:00',30,702,0,'unpaid','','',25);

/*Table structure for table `pt_pricings` */

DROP TABLE IF EXISTS `pt_pricings`;

CREATE TABLE `pt_pricings` (
  `id` int(11) NOT NULL AUTO_INCREMENT,
  `user_id` int(11) NOT NULL,
  `session_length` int(11) NOT NULL,
  `price` float NOT NULL,
  `first_only` tinyint(1) NOT NULL,
  `sgt` tinyint(1) NOT NULL,
  `sgt_fee` float DEFAULT NULL,
  `locationid` int(11) NOT NULL,
  PRIMARY KEY (`id`)
) ENGINE=InnoDB AUTO_INCREMENT=102 DEFAULT CHARSET=latin1;

/*Data for the table `pt_pricings` */

insert  into `pt_pricings`(`id`,`user_id`,`session_length`,`price`,`first_only`,`sgt`,`sgt_fee`,`locationid`) values 

(1,66,0,1,1,0,NULL,1),

(2,66,30,60,0,1,90,1),

(3,66,60,110,0,1,140,1),

(4,66,0,0,1,0,NULL,2),

(5,66,30,40,0,1,60,2),

(6,66,60,70,0,1,100,2),

(7,66,0,0,1,0,NULL,3),

(8,66,30,55,0,0,0,3),

(9,66,60,80,0,0,0,3),

(10,70,0,0,1,0,NULL,6),

(11,70,30,30,0,0,0,6),

(12,104,0,0,1,0,NULL,7),

(13,104,30,50,0,0,0,7),

(14,104,45,70,0,1,110,7),

(15,104,0,10,1,0,NULL,8),

(16,104,30,40,0,0,0,8),

(17,107,0,0,1,0,NULL,9),

(18,107,30,40,0,0,0,9),

(19,107,45,50,0,0,0,9),

(20,107,60,90,0,0,0,9),

(21,116,30,75,0,1,150,14),

(22,116,45,100,0,1,200,14),

(23,116,60,130,0,1,250,14),

(24,124,0,0,1,0,NULL,15),

(25,124,45,100,0,1,150,15),

(26,127,0,0,1,0,NULL,16),

(27,127,30,50,0,0,0,16),

(28,127,45,60,0,0,0,16),

(29,127,60,90,0,0,0,16),

(30,127,0,0,1,0,NULL,17),

(31,127,30,50,0,0,0,17),

(32,127,45,70,0,0,0,17),

(33,127,60,100,0,0,0,17),

(34,128,0,10,1,0,NULL,18),

(35,128,45,50,0,1,120,18),

(36,128,0,0,1,0,NULL,20),

(37,128,30,44,0,1,70,20),

(38,128,60,128.73,0,1,150,20),

(39,133,0,0,1,0,NULL,21),

(40,133,30,3,0,1,6,21),

(41,133,45,4,0,1,7,21),

(42,133,60,5,0,1,8,21),

(43,133,0,0,1,0,NULL,22),

(44,133,30,4,0,0,0,22),

(45,133,45,5,0,0,0,22),

(46,133,60,6,0,0,0,22),

(47,133,0,0,1,0,NULL,23),

(48,133,30,6,0,0,0,23),

(49,133,45,7,0,0,0,23),

(50,133,60,8,0,0,0,23),

(51,135,0,0,1,0,NULL,24),

(52,135,60,20,0,1,50,24),

(53,136,0,0,1,0,NULL,25),

(54,136,30,1,0,0,0,25),

(55,136,45,115,0,0,0,25),

(56,136,60,135,0,0,0,25),

(57,140,0,0,1,0,NULL,26),

(58,140,30,25,0,1,30,26),

(59,140,45,40,0,1,45,26),

(60,140,60,50,0,0,0,26),

(61,140,0,0,1,0,NULL,27),

(62,140,30,60,0,0,0,27),

(63,140,45,70,0,1,35,27),

(64,140,60,100,0,1,80,27),

(65,143,0,0,1,0,NULL,28),

(66,143,30,34,0,0,0,28),

(67,143,45,45,0,1,35,28),

(68,136,30,52,0,0,0,32),

(70,136,30,52,0,0,0,31),

(71,136,0,0,1,0,NULL,33),

(72,136,0,0,1,0,NULL,33),

(73,136,30,52,0,0,0,33),

(77,136,30,51,0,0,0,31),

(78,136,30,52,0,0,0,33),

(80,136,30,52,0,0,0,35),

(82,136,30,30,0,0,0,38),

(83,136,0,0,1,0,NULL,39),

(84,136,30,40,0,0,0,39),

(85,136,30,60,0,0,0,40),

(86,136,0,0,1,0,NULL,41),

(87,136,30,25,0,0,0,41),

(88,136,0,0,1,0,NULL,42),

(89,136,30,26,0,0,0,42),

(92,136,45,44,0,0,0,37),

(94,136,60,63,0,0,0,37),

(95,151,30,50,0,0,0,44),

(96,136,0,0,1,0,NULL,45),

(97,136,30,30,0,0,0,45),

(100,152,0,0,1,0,NULL,46),

(101,152,30,30,0,0,0,46);

/*Table structure for table `recurring_payments` */

DROP TABLE IF EXISTS `recurring_payments`;

CREATE TABLE `recurring_payments` (
  `id` int(11) unsigned NOT NULL AUTO_INCREMENT,
  `status` varchar(255) DEFAULT NULL,
  `user` int(11) DEFAULT NULL,
  `to_user` int(11) DEFAULT NULL,
  `create_date` date DEFAULT NULL,
  `date_start` date DEFAULT NULL,
  `num_repeat` int(10) DEFAULT NULL,
  `date_end` date DEFAULT NULL,
  `amount` float DEFAULT NULL,
  `fee` float DEFAULT NULL,
  `gst` float DEFAULT NULL,
  `total` float DEFAULT NULL,
  `frequency` varchar(255) DEFAULT NULL,
  `day` varchar(255) DEFAULT NULL,
  `notes` text,
  `integra_response` text,
  PRIMARY KEY (`id`)
) ENGINE=MyISAM AUTO_INCREMENT=42 DEFAULT CHARSET=latin1;

/*Data for the table `recurring_payments` */

insert  into `recurring_payments`(`id`,`status`,`user`,`to_user`,`create_date`,`date_start`,`num_repeat`,`date_end`,`amount`,`fee`,`gst`,`total`,`frequency`,`day`,`notes`,`integra_response`) values 

(1,'approved',118,66,'2016-06-21','2016-06-20',5,NULL,35,NULL,NULL,35,'weekly','Monday',NULL,'stdClass Object\n(\n)\n'),

(4,'approved',137,66,'2016-06-30','2016-07-01',5,NULL,30,NULL,NULL,30,'weekly','Friday',NULL,'stdClass Object\n(\n)\n'),

(7,'approved',137,66,'2016-07-01','2016-07-07',3,NULL,20,NULL,NULL,20,'weekly','Thursday',NULL,'Array\n(\n    [username] => 1528\n    [password] => Eb3%8Z{gQw2\n    [payerUniqueID] => 137\n    [scheduleType] => LIMITED\n    [transactionAmountInCents] => 2000\n    [frequency] => WEEKLY\n    [frequencyDay] => 6\n    [limitToTransactionCount] => 3\n    [limitToTransactionTotalInCents] => 0\n    [startDate] => 20160707\n    [removeAllPaymentsBeforeStartDate] => \n    [scheduleID] => REC7\n)\nstdClass Object\n(\n)\n'),

(6,'approved',137,66,'2016-06-30','2016-06-27',5,NULL,35,NULL,NULL,35,'weekly','Monday',NULL,'Array\n(\n    [username] => 1528\n    [password] => Eb3%8Z{gQw2\n    [payerUniqueID] => 137\n    [scheduleType] => LIMITED\n    [transactionAmountInCents] => 3500\n    [frequency] => WEEKLY\n    [frequencyDay] => 6\n    [limitToTransactionCount] => 4\n    [limitToTransactionTotalInCents] => 0\n    [startDate] => 20160704\n    [removeAllPaymentsBeforeStartDate] => \n    [scheduleID] => REC6\n)\nstdClass Object\n(\n)\n'),

(8,NULL,141,140,'2016-07-07','2016-07-18',4,NULL,60,NULL,NULL,60,'weekly','Monday',NULL,'No payer with the payerUniqueID you provided was found - 141'),

(9,NULL,141,140,'2016-07-07','2016-07-18',4,NULL,60,NULL,NULL,60,'weekly','Monday',NULL,'No payer with the payerUniqueID you provided was found - 141'),

(10,NULL,141,140,'2016-07-07','2016-07-18',2,NULL,60,NULL,NULL,60,'weekly','Monday',NULL,'No payer with the payerUniqueID you provided was found - 141'),

(20,'approved',137,66,'2016-07-11','2016-07-11',5,NULL,24,NULL,0,24,'weekly','Monday','weekly 24','Array\n(\n    [username] => 1553:1528\n    [password] => D?g53E%k+yK\n    [payerUniqueID] => 137\n    [scheduleType] => LIMITED\n    [transactionAmountInCents] => 2400\n    [frequency] => WEEKLY\n    [frequencyDay] => 6\n    [limitToTransactionCount] => 4\n    [limitToTransactionTotalInCents] => 0\n    [startDate] => 20160718\n    [removeAllPaymentsBeforeStartDate] => \n    [scheduleID] => REC20\n)\nstdClass Object\n(\n)\n'),

(23,'approved',137,66,'2016-07-11','2016-07-11',5,'2016-08-08',27,NULL,0,27,'weekly','Monday','27 weekly','Array\n(\n    [username] => 1553:1528\n    [password] => D?g53E%k+yK\n    [payerUniqueID] => 137\n    [scheduleType] => LIMITED\n    [transactionAmountInCents] => 2700\n    [frequency] => WEEKLY\n    [frequencyDay] => 6\n    [limitToTransactionCount] => 4\n    [limitToTransactionTotalInCents] => 0\n    [startDate] => 20160718\n    [removeAllPaymentsBeforeStartDate] => \n    [scheduleID] => REC23\n)\nstdClass Object\n(\n)\n'),

(24,'approved',137,66,'2016-07-12','2016-07-13',5,'2016-08-10',28,NULL,0,28,'weekly','Wednesday','28 weekly','Array\n(\n    [username] => 1553:1528\n    [password] => D?g53E%k+yK\n    [payerUniqueID] => 137\n    [scheduleType] => LIMITED\n    [transactionAmountInCents] => 2800\n    [frequency] => WEEKLY\n    [frequencyDay] => 6\n    [limitToTransactionCount] => 5\n    [limitToTransactionTotalInCents] => 0\n    [startDate] => 20160713\n    [removeAllPaymentsBeforeStartDate] => \n    [scheduleID] => REC24\n)\nstdClass Object\n(\n)\n'),

(25,NULL,144,140,'2016-07-12','2016-07-18',2,NULL,60,NULL,NULL,60,'weekly','Monday',NULL,'No payer with the payerUniqueID you provided was found - 144'),

(26,'approved',137,136,'2016-08-18','2016-08-19',3,NULL,10,NULL,NULL,10,'weekly','Friday',NULL,'Array\n(\n    [username] => 1553:1528\n    [password] => D?g53E%k+yK\n    [payerUniqueID] => 137\n    [scheduleType] => LIMITED\n    [transactionAmountInCents] => 1000\n    [frequency] => WEEKLY\n    [frequencyDay] => 6\n    [limitToTransactionCount] => 3\n    [limitToTransactionTotalInCents] => 0\n    [startDate] => 20160819\n    [removeAllPaymentsBeforeStartDate] => \n    [scheduleID] => REC26\n)\nstdClass Object\n(\n)\n'),

(27,'failed',137,136,'2016-08-18','2016-08-19',2,NULL,50,NULL,NULL,50,'weekly','Friday',NULL,'Array\n(\n    [username] => 1553:1528\n    [password] => D?g53E%k+yK\n    [payerUniqueID] => 137\n    [scheduleType] => LIMITED\n    [transactionAmountInCents] => 5000\n    [frequency] => WEEKLY\n    [frequencyDay] => 6\n    [limitToTransactionCount] => 2\n    [limitToTransactionTotalInCents] => 0\n    [startDate] => 20160819\n    [removeAllPaymentsBeforeStartDate] => \n    [scheduleID] => REC27\n)\nstdClass Object\n(\n)\n'),

(28,'failed',137,136,'2016-08-18','2016-08-19',2,NULL,50,NULL,NULL,50,'weekly','Friday',NULL,'Array\n(\n    [username] => 1553:1528\n    [password] => D?g53E%k+yK\n    [payerUniqueID] => 137\n    [scheduleType] => LIMITED\n    [transactionAmountInCents] => 5000\n    [frequency] => WEEKLY\n    [frequencyDay] => 6\n    [limitToTransactionCount] => 2\n    [limitToTransactionTotalInCents] => 0\n    [startDate] => 20160819\n    [removeAllPaymentsBeforeStartDate] => \n    [scheduleID] => REC28\n)\nstdClass Object\n(\n)\n'),

(29,'approved',137,136,'2016-08-18','2016-08-19',2,NULL,50,NULL,NULL,50,'weekly','Friday',NULL,'Array\n(\n    [username] => 1553:1528\n    [password] => D?g53E%k+yK\n    [payerUniqueID] => 137\n    [scheduleType] => LIMITED\n    [transactionAmountInCents] => 5000\n    [frequency] => WEEKLY\n    [frequencyDay] => 6\n    [limitToTransactionCount] => 2\n    [limitToTransactionTotalInCents] => 0\n    [startDate] => 20160819\n    [removeAllPaymentsBeforeStartDate] => \n    [scheduleID] => REC29\n)\nstdClass Object\n(\n)\n'),

(30,'pending',146,136,'2016-08-18','2016-08-19',3,NULL,50,NULL,NULL,50,'weekly','Friday',NULL,NULL),

(31,'pending',146,136,'2016-08-18','2016-08-19',3,NULL,50,NULL,NULL,50,'weekly','Friday',NULL,NULL),

(32,'pending',146,136,'2016-08-18','2016-08-19',2,NULL,50,NULL,NULL,50,'weekly','Friday',NULL,NULL),

(33,'pending',146,136,'2016-08-18','2016-08-19',2,NULL,50,NULL,NULL,50,'weekly','Friday',NULL,NULL),

(34,'pending',146,136,'2016-08-18','2016-08-19',2,NULL,50,NULL,NULL,50,'weekly','Friday',NULL,NULL),

(35,'pending',146,136,'2016-08-18','2016-08-19',3,NULL,50,NULL,NULL,50,'weekly','Friday',NULL,NULL),

(36,'pending',146,136,'2016-08-18','2016-08-19',2,NULL,50,NULL,NULL,50,'weekly','Friday',NULL,NULL),

(37,'pending',146,136,'2016-08-19','2016-08-19',2,NULL,50,NULL,NULL,50,'weekly','Friday',NULL,NULL),

(38,'pending',146,136,'2016-08-19','2016-08-19',2,NULL,50,NULL,NULL,50,'weekly','Friday',NULL,NULL),

(39,'pending',146,136,'2016-08-19','2016-08-19',2,NULL,50,NULL,NULL,50,'weekly','Friday',NULL,NULL),

(40,'pending',146,136,'2016-08-19','2016-08-19',2,NULL,50,NULL,NULL,50,'weekly','Friday',NULL,NULL),

(41,'approved',146,136,'2016-08-19','2016-08-19',2,NULL,50,NULL,NULL,50,'weekly','Friday',NULL,'Array\n(\n    [username] => 1553:1528\n    [password] => D?g53E%k+yK\n    [payerUniqueID] => 146\n    [scheduleType] => LIMITED\n    [transactionAmountInCents] => 5000\n    [frequency] => WEEKLY\n    [frequencyDay] => 6\n    [limitToTransactionCount] => 2\n    [limitToTransactionTotalInCents] => 0\n    [startDate] => 20160819\n    [removeAllPaymentsBeforeStartDate] => \n    [scheduleID] => REC41\n)\nstdClass Object\n(\n)\n');

/*Table structure for table `repeat_payments` */

DROP TABLE IF EXISTS `repeat_payments`;

CREATE TABLE `repeat_payments` (
  `id` int(11) NOT NULL AUTO_INCREMENT,
  `user_id` int(11) NOT NULL,
  `trainer_id` int(11) NOT NULL,
  `price` float NOT NULL,
  `gst` tinyint(1) NOT NULL,
  `notes` varchar(255) NOT NULL,
  `fee` float NOT NULL,
  `total` float NOT NULL,
  `user_email` varchar(255) DEFAULT NULL,
  `frequency` varchar(20) NOT NULL,
  `last_payment` date NOT NULL,
  `approved` int(11) NOT NULL,
  `paused` int(11) NOT NULL,
  `repeating` int(11) NOT NULL,
  `termsId` int(11) NOT NULL,
  PRIMARY KEY (`id`)
) ENGINE=InnoDB DEFAULT CHARSET=latin1;

/*Data for the table `repeat_payments` */

/*Table structure for table `tempimages` */

DROP TABLE IF EXISTS `tempimages`;

CREATE TABLE `tempimages` (
  `id` int(11) NOT NULL AUTO_INCREMENT,
  `extension` varchar(10) NOT NULL,
  `added` timestamp NOT NULL DEFAULT '0000-00-00 00:00:00' ON UPDATE CURRENT_TIMESTAMP,
  `secure` varchar(32) NOT NULL,
  PRIMARY KEY (`id`)
) ENGINE=InnoDB AUTO_INCREMENT=31 DEFAULT CHARSET=latin1;

/*Data for the table `tempimages` */

insert  into `tempimages`(`id`,`extension`,`added`,`secure`) values 

(27,'jpg','2016-08-18 04:36:28','7b497cb8a33e7dde7cf60be39e5a857f'),

(28,'jpg','2016-08-18 04:36:36','fab90e494048145d18ba58a140efc8d8'),

(29,'jpg','2016-08-18 04:36:41','02a1b0b48a6862a4ec961eee8fc1da23'),

(30,'jpg','2016-08-18 05:59:31','a521f85796a210da4ecf2027439e8c07');

/*Table structure for table `terms` */

DROP TABLE IF EXISTS `terms`;

CREATE TABLE `terms` (
  `id` int(11) NOT NULL AUTO_INCREMENT,
  `accepted` tinyint(1) DEFAULT '0',
  `datetime` int(11) NOT NULL,
  `terms` text CHARACTER SET utf8 COLLATE utf8_bin NOT NULL,
  PRIMARY KEY (`id`)
) ENGINE=InnoDB AUTO_INCREMENT=43 DEFAULT CHARSET=utf8;

/*Data for the table `terms` */

insert  into `terms`(`id`,`accepted`,`datetime`,`terms`) values 

(1,0,0,'The â€˜Normal Paymentâ€™ above is for - <br /> After the minimum number of payments the trainee will continue on the recurring payments with no end date. Payment for all sessions must be made in full prior to the session commencing. Failed payments will incur a fee which will be added to the next successful payment.Own policy<h2>Cancelation & Rescheduling sessions</h2> A session cancelled by the trainee with a minimum of 1 Days notice will be - <br /> Offered as a make up session at a time the trainer is available in that week. Failure to do so will incur the full cost of your session Sessions cancelled with less than this notice period will not be refunded or offered as a make up session A session cancelled by the trainer will be â€¦ <br /> offered as a make up session at a time agreed between the trainer and trainee Or Fully refunded'),

(2,0,0,'The â€˜Normal Paymentâ€™ above is for - <br />a maximum of 8x30 minute training sessions per Week to be used within 10 weeks After the minimum number of payments the trainee will continue on the recurring payments with no end date.<h2>Cancelation & Rescheduling sessions</h2> A session cancelled by the trainee with a minimum of 1 Days notice will be - <br /> Offered as a make up session at a time the trainer is available A session cancelled by the trainer will be â€¦ <br /> Fully refunded'),

(3,0,0,'The â€˜Normal Paymentâ€™ above is for - <br /><h2>Cancelation & Rescheduling sessions</h2>'),

(4,0,0,'The â€˜Normal Paymentâ€™ above is for - <br /><h2>Cancelation & Rescheduling sessions</h2>'),

(5,0,0,'The â€˜Normal Paymentâ€™ above is for - <br /><h2>Cancelation & Rescheduling sessions</h2>'),

(6,0,0,'The â€˜Normal Paymentâ€™ above is for - <br /><h2>Cancelation & Rescheduling sessions</h2>'),

(7,0,0,'The â€˜Normal Paymentâ€™ above is for - <br /><h2>Cancelation & Rescheduling sessions</h2>'),

(8,0,0,'The â€˜Normal Paymentâ€™ above is for - <br /><h2>Cancelation & Rescheduling sessions</h2>'),

(9,0,0,'The â€˜Normal Paymentâ€™ above is for - <br /><h2>Cancelation & Rescheduling sessions</h2>'),

(10,0,0,'The â€˜Normal Paymentâ€™ above is for - <br /><h2>Cancelation & Rescheduling sessions</h2>'),

(11,0,0,'The â€˜Normal Paymentâ€™ above is for - <br /><h2>Cancelation & Rescheduling sessions</h2>'),

(12,0,0,'The â€˜Normal Paymentâ€™ above is for - <br /><h2>Cancelation & Rescheduling sessions</h2>'),

(13,0,0,'The â€˜Normal Paymentâ€™ above is for - <br /><h2>Cancelation & Rescheduling sessions</h2>'),

(14,0,0,'The â€˜Normal Paymentâ€™ above is for - <br /><h2>Cancelation & Rescheduling sessions</h2>'),

(15,0,0,'The â€˜Normal Paymentâ€™ above is for - <br /><h2>Cancelation & Rescheduling sessions</h2>'),

(16,0,0,'The â€˜Normal Paymentâ€™ above is for - <br /><h2>Cancelation & Rescheduling sessions</h2>'),

(17,0,0,'The â€˜Normal Paymentâ€™ above is for - <br /><h2>Cancelation & Rescheduling sessions</h2>'),

(18,0,0,'The â€˜Normal Paymentâ€™ above is for - <br /><h2>Cancelation & Rescheduling sessions</h2>'),

(19,0,0,'The â€˜Normal Paymentâ€™ above is for - <br /><h2>Cancelation & Rescheduling sessions</h2>'),

(20,0,0,'The â€˜Normal Paymentâ€™ above is for - <br /><h2>Cancelation & Rescheduling sessions</h2>'),

(21,0,0,'The â€˜Normal Paymentâ€™ above is for - <br /><h2>Cancelation & Rescheduling sessions</h2>'),

(22,0,0,'The â€˜Normal Paymentâ€™ above is for - <br /><h2>Cancelation & Rescheduling sessions</h2>'),

(23,0,0,'The â€˜Normal Paymentâ€™ above is for - <br /><h2>Cancelation & Rescheduling sessions</h2>'),

(24,0,0,'The â€˜Normal Paymentâ€™ above is for - <br /><h2>Cancelation & Rescheduling sessions</h2>'),

(25,0,0,'The â€˜Normal Paymentâ€™ above is for - <br /><h2>Cancelation & Rescheduling sessions</h2>'),

(26,0,0,'The â€˜Normal Paymentâ€™ above is for - <br /><h2>Cancelation & Rescheduling sessions</h2>'),

(27,0,0,'The â€˜Normal Paymentâ€™ above is for - <br /><h2>Cancelation & Rescheduling sessions</h2>'),

(28,0,0,'The â€˜Normal Paymentâ€™ above is for - <br /><h2>Cancelation & Rescheduling sessions</h2>'),

(29,0,0,'The â€˜Normal Paymentâ€™ above is for - <br /><h2>Cancelation & Rescheduling sessions</h2>'),

(30,0,0,'The â€˜Normal Paymentâ€™ above is for - <br /><h2>Cancelation & Rescheduling sessions</h2>'),

(31,0,0,'The â€˜Normal Paymentâ€™ above is for - <br /><h2>Cancelation & Rescheduling sessions</h2>'),

(32,0,0,'The â€˜Normal Paymentâ€™ above is for - <br /><h2>Cancelation & Rescheduling sessions</h2>'),

(33,0,0,'The â€˜Normal Paymentâ€™ above is for - <br /><h2>Cancelation & Rescheduling sessions</h2>'),

(34,0,0,'The â€˜Normal Paymentâ€™ above is for - <br /><h2>Cancelation & Rescheduling sessions</h2>'),

(35,0,0,'The â€˜Normal Paymentâ€™ above is for - <br /><h2>Cancelation & Rescheduling sessions</h2>'),

(36,0,0,'The â€˜Normal Paymentâ€™ above is for - <br /><h2>Cancelation & Rescheduling sessions</h2>'),

(37,0,0,'The â€˜Normal Paymentâ€™ above is for - <br /><h2>Cancelation & Rescheduling sessions</h2>'),

(38,0,0,'The â€˜Normal Paymentâ€™ above is for - <br /><h2>Cancelation & Rescheduling sessions</h2>'),

(39,0,0,'The â€˜Normal Paymentâ€™ above is for - <br /><h2>Cancelation & Rescheduling sessions</h2>'),

(40,0,0,'The â€˜Normal Paymentâ€™ above is for - <br /><h2>Cancelation & Rescheduling sessions</h2>'),

(41,0,0,'The â€˜Normal Paymentâ€™ above is for - <br /><h2>Cancelation & Rescheduling sessions</h2>'),

(42,0,0,'The â€˜Normal Paymentâ€™ above is for - <br /><h2>Cancelation & Rescheduling sessions</h2>');

/*Table structure for table `timeslots` */

DROP TABLE IF EXISTS `timeslots`;

CREATE TABLE `timeslots` (
  `id` int(11) NOT NULL AUTO_INCREMENT,
  `user` int(11) NOT NULL,
  `date` date NOT NULL,
  `time_start` time NOT NULL,
  `name` varchar(255) NOT NULL,
  `location` int(11) NOT NULL,
  `max` int(11) NOT NULL,
  `cost` float NOT NULL,
  `length` int(11) NOT NULL,
  PRIMARY KEY (`id`)
) ENGINE=InnoDB DEFAULT CHARSET=latin1;

/*Data for the table `timeslots` */

/*Table structure for table `trainer_clients` */

DROP TABLE IF EXISTS `trainer_clients`;

CREATE TABLE `trainer_clients` (
  `id` int(11) NOT NULL AUTO_INCREMENT,
  `user_id` int(11) DEFAULT NULL,
  `name` varchar(255) DEFAULT NULL,
  `email` varchar(255) DEFAULT NULL,
  `trainer_id` int(11) NOT NULL,
  `mobile` varchar(20) NOT NULL,
  PRIMARY KEY (`id`)
) ENGINE=InnoDB AUTO_INCREMENT=22 DEFAULT CHARSET=latin1;

/*Data for the table `trainer_clients` */

insert  into `trainer_clients`(`id`,`user_id`,`name`,`email`,`trainer_id`,`mobile`) values 

(8,118,NULL,NULL,66,''),

(11,131,NULL,NULL,66,''),

(12,134,NULL,NULL,66,''),

(13,130,NULL,NULL,66,''),

(15,138,'asdf','asdf@asdf.com',66,'asdf'),

(16,141,NULL,NULL,140,''),

(17,144,NULL,NULL,140,''),

(18,137,NULL,NULL,66,''),

(19,137,NULL,NULL,136,''),

(21,146,NULL,NULL,136,'');

/*Table structure for table `userinfos` */

DROP TABLE IF EXISTS `userinfos`;

CREATE TABLE `userinfos` (
  `id` int(11) NOT NULL AUTO_INCREMENT,
  `user_id` int(11) NOT NULL,
  `meta_key` varchar(255) NOT NULL,
  `meta_value` text NOT NULL,
  PRIMARY KEY (`id`)
) ENGINE=InnoDB AUTO_INCREMENT=471 DEFAULT CHARSET=latin1;

/*Data for the table `userinfos` */

insert  into `userinfos`(`id`,`user_id`,`meta_key`,`meta_value`) values 

(17,68,'firstaid','1'),

(18,68,'cpr','1'),

(19,68,'short_desc','Short'),

(20,68,'long_desc','Long'),

(21,68,'qualification','{\"institute\":\"A\",\"qualification\":\"Qual\"}'),

(22,68,'speciality','Boxing'),

(23,68,'speciality','Crossfit'),

(24,68,'speciality','SportsPerformanceTraining'),

(25,68,'speciality','FemaleSelfDefence'),

(26,68,'speciality','Swimming'),

(27,69,'cpr','1'),

(28,69,'short_desc','yy'),

(29,69,'long_desc','uu'),

(30,69,'qualification','{\"institute\":\"yy\",\"qualification\":\"yy\"}'),

(31,69,'speciality','WeightLoss'),

(32,69,'speciality','CoreAndBalance'),

(33,69,'speciality','Boxing'),

(34,69,'speciality','Crossfit'),

(35,70,'insurance','1'),

(36,70,'short_desc',';kdmf ;kmf[dl'),

(37,70,'long_desc',';kmdp;kmdaplmad'),

(38,70,'qualification','{\"institute\":\"44\",\"qualification\":\"22\"}'),

(39,70,'speciality','Yoga'),

(40,70,'speciality','RunningTraining'),

(41,104,'firstaid','1'),

(42,104,'insurance','1'),

(43,104,'cpr','1'),

(44,104,'short_desc','12312'),

(45,104,'long_desc','123312'),

(46,104,'qualification','{\"institute\":null,\"qualification\":null}'),

(47,104,'speciality','CrossTraining'),

(48,104,'speciality','Crossfit'),

(49,104,'speciality','RunningTraining'),

(85,107,'firstaid','1'),

(86,107,'insurance','1'),

(87,107,'cpr','1'),

(88,107,'short_desc','short description short description short description short description short description short description short description short description short description short description short description sh'),

(89,107,'long_desc','long description long description long description long description long description long description long description long description long description long description long description long description long description long description long description long description long description long description long description long description long description long description long description long description long description long description long description long description long description long de'),

(90,107,'qualification','{\"institute\":null,\"qualification\":null}'),

(91,107,'speciality','WeightLoss'),

(92,107,'speciality','SportsPerformanceTraining'),

(93,108,'short_desc','12312'),

(94,108,'long_desc','1231'),

(95,108,'qualification','{\"institute\":null,\"qualification\":null}'),

(96,110,'firstaid','1'),

(97,110,'insurance','1'),

(98,110,'cpr','1'),

(99,110,'short_desc','I am the boot camp trainer to boot !'),

(100,110,'long_desc','woo hoo !'),

(101,110,'qualification','{\"institute\":null,\"qualification\":null}'),

(102,110,'speciality','StrengthTraining'),

(103,110,'speciality','Posture'),

(104,110,'speciality','PreOrPostnatal'),

(105,110,'speciality','Crossfit'),

(106,111,'short_desc','Short'),

(107,111,'long_desc','Lomg'),

(108,111,'qualification','{\"institute\":null,\"qualification\":null}'),

(109,111,'speciality','WeightLoss'),

(110,111,'speciality','CoreAndBalance'),

(111,115,'firstaid','1'),

(112,115,'insurance','1'),

(113,115,'cpr','1'),

(114,115,'short_desc','bla'),

(115,115,'long_desc','blah'),

(116,115,'qualification','{\"institute\":null,\"qualification\":null}'),

(117,115,'speciality','FemaleSelfDefence'),

(118,116,'firstaid','1'),

(119,116,'insurance','1'),

(120,116,'cpr','1'),

(121,116,'short_desc','In auctor lobortis lacus. Nulla sit amet est. Proin pretium, leo ac pellentesque mollis, felis nunc ultrices eros, sed gravida augue augue mollis justo. Cras risus ipsum, faucibus ut,'),

(122,116,'long_desc','Vestibulum purus quam, scelerisque ut, mollis sed, nonummy id, metus. Etiam feugiat lorem non metus. Phasellus viverra nulla ut metus varius laoreet. Phasellus leo dolor, tempus non, auctor et, hendrerit quis, nisi.\n\nVestibulum purus quam, scelerisque ut, mollis sed, nonummy id, metus. Sed consequat, leo eget bibendum sodales, augue velit cursus nunc, quis gravida magna mi a libero.'),

(123,116,'qualification','{\"institute\":\"Lorem Ipsum\",\"qualification\":\"Language Training\"}'),

(124,116,'speciality','BodyToning'),

(125,116,'speciality','Swimming'),

(126,116,'speciality','Yoga'),

(127,116,'speciality','CardiovascularConditioning'),

(128,116,'speciality','CoreAndBalance'),

(129,116,'speciality','WeightLoss'),

(130,116,'speciality','RunningTraining'),

(179,124,'insurance','1'),

(180,124,'short_desc','Welcome to Mr Popo\'s training'),

(181,124,'long_desc','Duis vel nibh at velit scelerisque suscipit. Curabitur vestibulum aliquam leo. Donec mollis hendrerit risus. Maecenas tempus, tellus eget condimentum rhoncus, sem quam semper libero, sit amet adipiscing sem neque sed ipsum.\n\nUt tincidunt tincidunt erat. Nullam quis ante. Fusce pharetra convallis urna. Maecenas malesuada.'),

(182,124,'qualification','{\"institute\":null,\"qualification\":null}'),

(183,124,'speciality','WeightLoss'),

(184,124,'speciality','CardiovascularConditioning'),

(185,124,'speciality','InjuryRehab'),

(186,124,'speciality','Mma'),

(187,124,'profile_pic','1b245515a84ad5a905a098a649f5386e.jpg'),

(188,127,'firstaid','1'),

(189,127,'insurance','1'),

(190,127,'cpr','1'),

(191,127,'short_desc','I simply rock'),

(192,127,'long_desc','I will train you and you will see results.'),

(193,127,'qualification','{\"institute\":\"Fitness Australia\",\"qualification\":\"Level 3\"}'),

(194,127,'speciality','WeightLoss'),

(195,127,'speciality','Yoga'),

(196,127,'speciality','PreOrPostnatal'),

(197,127,'speciality','Pilates'),

(205,129,'firstaid','1'),

(206,129,'insurance','1'),

(207,129,'cpr','1'),

(208,129,'short_desc','bootcamp trainer from hell'),

(209,129,'long_desc','i will yell at you before you know what is coming - but you will look good after...'),

(210,129,'qualification','{\"institute\":\"Bootcamp Masters\",\"qualification\":\"Distinction\"}'),

(211,129,'qualification','[]'),

(212,129,'speciality','WeightLoss'),

(213,129,'speciality','RunningTraining'),

(214,129,'speciality','FemaleSelfDefence'),

(215,129,'speciality','OlympicLifting'),

(216,129,'speciality','BodyToning'),

(239,128,'firstaid','1'),

(240,128,'insurance','1'),

(241,128,'cpr','1'),

(242,128,'short_desc','I am the best'),

(243,128,'long_desc','everything'),

(244,128,'qualification','{\"institute\":null,\"qualification\":null}'),

(245,128,'speciality','StrengthTraining'),

(246,128,'speciality','RunningTraining'),

(247,128,'speciality','Kettlebells'),

(248,128,'speciality','PowerLifting'),

(249,128,'speciality','TriathalonTraining'),

(250,128,'speciality','FunctionalTraining'),

(251,128,'speciality','Trx'),

(252,128,'speciality','Posture'),

(253,128,'profile_pic',''),

(254,128,'defaultTerms','{\"Userinfo\":[]}'),

(255,133,'firstaid','1'),

(256,133,'cpr','1'),

(257,133,'short_desc','Good testing'),

(258,133,'long_desc','many testing options'),

(259,133,'qualification','{\"institute\":\"none\",\"qualification\":\"very little\"}'),

(260,133,'qualification','{\"institute\":\"none3q\",\"qualification\":\"even less\"}'),

(261,133,'speciality','WeightLoss'),

(262,133,'speciality','CardiovascularConditioning'),

(263,133,'speciality','CrossTraining'),

(264,133,'speciality','Kettlebells'),

(265,133,'speciality','RunningTraining'),

(266,133,'speciality','Boxing'),

(267,133,'speciality','FemaleSelfDefence'),

(268,133,'speciality','PreOrPostnatal'),

(269,133,'profile_pic','3883b2088ba3feb92dadb18cf3108476.jpg'),

(270,133,'defaultTerms','{\"Userinfo\":[]}'),

(271,135,'firstaid','1'),

(272,135,'insurance','1'),

(273,135,'cpr','1'),

(274,135,'short_desc','I want you to be the very best, like no one ever was'),

(275,135,'long_desc','I want to be the very best\nLike no one ever was\nTo catch them is my real test\nTo train them is my cause\n\nI will travel across the land\nSearching far and wide\nEach Pokemon to understand\nThe power that\'s inside\n\nIt\'s you and me\nI know it\'s my destiny\nPokemon, oh, you\'re my best friend\nIn a world we must defend\nPokemon (gotta catch em all)\na heart so true\nOur courage will pull us through\n\nYou teach me and I\'ll teach you\nPo-ke-mon, gotta catch \'em all!'),

(276,135,'qualification','{\"institute\":\"Ponds Institute\",\"qualification\":\"Cert 5 in Training\"}'),

(277,135,'qualification','{\"institute\":\"Team Rocket\",\"qualification\":\"Cert 4 in Training\"}'),

(278,135,'speciality','WeightLoss'),

(279,135,'speciality','MuscleGain'),

(280,135,'speciality','Boxing'),

(281,135,'speciality','RunningTraining'),

(282,135,'speciality','Kettlebells'),

(283,135,'speciality','OlympicLifting'),

(284,135,'profile_pic','7cc92779b984b919abde49af8f10e883.jpg'),

(296,140,'firstaid','1'),

(297,140,'insurance','1'),

(298,140,'cpr','1'),

(299,140,'short_desc','Always working smart'),

(300,140,'long_desc','Lorem ipsum dolor sit amet, consectetur adipiscing elit. Vivamus sit amet lobortis erat. Morbi at venenatis nibh, vitae vulputate tortor. Proin ut lacus ac augue ullamcorper fermentum. Aenean quis ipsum dictum lorem mollis feugiat. Aliquam commodo erat metus, sit amet gravida sapien vehicula id. Proin eu ligula tempus, aliquam mi et, accumsan mi. Curabitur magna neque, gravida id est sed, condimentum feugiat lorem. Cras aliquam elit odio, at faucibus enim imperdiet in.'),

(301,140,'qualification','{\"institute\":\"DS Training Academy\",\"qualification\":\"Cert. Fitness\"}'),

(302,140,'qualification','{\"institute\":\"University\",\"qualification\":\"BSc(CD) Nutrition\"}'),

(303,140,'speciality','StrengthTraining'),

(304,140,'speciality','MuscleGain'),

(305,140,'speciality','Boxing'),

(306,140,'speciality','Mma'),

(307,140,'speciality','Kettlebells'),

(308,140,'speciality','Crossfit'),

(309,140,'speciality','BodyToning'),

(310,140,'speciality','PowerLifting'),

(311,140,'profile_pic','165cf182255e0ecae1f6677a62600c98.jpg'),

(312,143,'insurance','1'),

(313,143,'short_desc','djieojded'),

(314,143,'long_desc','edwede'),

(315,143,'qualification','{\"institute\":\"dwe\",\"qualification\":\"wedwe\"}'),

(316,143,'speciality','StrengthTraining'),

(317,143,'speciality','MuscleGain'),

(318,143,'speciality','CoreAndBalance'),

(319,143,'speciality','WeightLoss'),

(320,143,'speciality','BodyToning'),

(321,143,'speciality','FlexibilityAndMobility'),

(322,143,'speciality','Pilates'),

(323,143,'speciality','Posture'),

(383,151,'cpr','1'),

(384,151,'short_desc','Lorem Ipsum'),

(385,151,'long_desc','Morbi vestibulum volutpat enim. Vestibulum fringilla pede sit amet augue. Etiam sit amet orci eget eros faucibus tincidunt. Praesent nec nisl a purus blandit viverra.'),

(386,151,'qualification','{\"institute\":null,\"qualification\":null}'),

(387,151,'speciality','Swimming'),

(388,151,'speciality','Massage'),

(389,151,'speciality','RunningTraining'),

(390,151,'speciality','Yoga'),

(391,151,'speciality','CoreAndBalance'),

(392,151,'profile_pic','f20c8f0ffa1b4467463979691963d3fb.jpg'),

(393,66,'firstaid','1'),

(394,66,'insurance','1'),

(395,66,'cpr','1'),

(396,66,'short_desc','This is my short description'),

(397,66,'long_desc','This is my long description This is my long description This is my long description This is my long description This is my long description This is my long description This is my long description This is my long description This is my long description This is my long description This is my long description This is my long description This is my long description This is my long description This is my long description This is my long description This is my long description This is my long descrip'),

(398,66,'qualification','{\"institute\":\"Some\",\"qualification\":\"Qual\"}'),

(399,66,'qualification','{\"institute\":\"Some more\",\"qualification\":\"Sage\"}'),

(400,66,'qualification','{\"institute\":\"Animal Flow\",\"qualification\":\"Fitness Network\"}'),

(401,66,'qualification','{\"institute\":\"\",\"qualification\":\"\"}'),

(402,66,'speciality','WeightLoss'),

(403,66,'speciality','CoreAndBalance'),

(404,66,'speciality','Boxing'),

(405,66,'speciality','MuscleGain'),

(406,66,'speciality','Kettlebells'),

(407,66,'speciality','Mma'),

(408,66,'speciality','CardiovascularConditioning'),

(409,66,'speciality','Pilates'),

(410,66,'profile_pic','a521f85796a210da4ecf2027439e8c07.jpg'),

(411,152,'insurance','1'),

(412,152,'cpr','1'),

(413,152,'short_desc','a tagline'),

(414,152,'long_desc',''),

(415,152,'qualification','{\"institute\":null,\"qualification\":null}'),

(416,152,'speciality','StrengthTraining'),

(417,152,'speciality','MuscleGain'),

(418,152,'speciality','Boxing'),

(458,136,'firstaid','1'),

(459,136,'insurance','1'),

(460,136,'cpr','1'),

(461,136,'short_desc','I am the wind beneath your wings'),

(462,136,'long_desc','All the thingsAenean leo ligula, porttitor eu, consequat vitae, eleifend ac, enim. Duis arcu tortor, suscipit eget, imperdiet nec, imperdiet iaculis, ipsum. Fusce egestas elit eget lorem. Maecenas nec odio et ante tincidunt tempus. Nullam dictum felis eu pede mollis pretium.\n\nVestibulum dapibus nunc ac augue. Suspendisse faucibus, nunc et pellentesque egestas, lacus ante convallis tellus, vitae iaculis lacus elit id tortor. Curabitur turpis. Aenean commodo ligula eget dolor. Curabitur turpis.\n\nAll the thingsAenean leo ligula, porttitor eu, consequat vitae, eleifend ac, enim. Duis arcu tortor, suscipit eget, imperdiet nec, imperdiet iaculis, ipsum. Fusce egestas elit eget lorem. Maecenas nec odio et ante tincidunt tempus. Nullam dictum felis eu pede mollis pretium.\n\nVestibulum dapibus nunc ac augue. Suspendisse faucibus, nunc et pellentesque egestas, lacus ante convallis tellus, vitae iaculis lacus elit id tortor. Curabitur turpis. Aenean commodo ligula eget dolor. Curabitur turpis.\n\nAll the thingsAenean leo ligula, porttitor eu, consequat vitae, eleifend ac, enim. Duis arcu tortor, suscipit eget, imperdiet nec, imperdiet iaculis, ipsum. Fusce egestas elit eget lorem. Maecenas nec odio et ante tincidunt tempus. Nullam dictum felis eu pede mollis pretium.\n\nVestibulum dapibus nunc ac augue. Suspendisse faucibus, nunc et pellentesque egestas, lacus ante convallis tellus, vitae iaculis lacus elit id tortor. Curabitur turpis. Aenean commodo ligula eget dolor. Curabitur turpis.\n\nAll the thingsAenean leo ligula, porttitor eu, consequat vitae, eleifend ac, enim. Duis arcu tortor, suscipit eget, imperdiet nec, imperdiet iaculis, ipsum. Fusce egestas elit eget lorem. Maecenas nec odio et ante tincidunt tempus. Nullam dictum felis eu pede mollis pretium.\n\nVestibulum dapibus nunc ac augue. Suspendisse faucibus, nunc et pellentesque egestas, lacus ante convallis tellus, vitae iaculis lacus elit id tortor. Curabitur turpis. Aenean commodo ligula eget dolor. Curabitur turpis.'),

(463,136,'qualification','{\"institute\":\"Acting School\",\"qualification\":\"Doctorate\"}'),

(464,136,'speciality','RunningTraining'),

(465,136,'speciality','Crossfit'),

(466,136,'speciality','FlexibilityAndMobility'),

(467,136,'speciality','FunctionalTraining'),

(468,136,'speciality','Holistic'),

(469,136,'speciality','CorporateGroupFitness'),

(470,136,'profile_pic','89b5ce644c14e61502e71a969c6e87a7.jpg');

/*Table structure for table `users` */

DROP TABLE IF EXISTS `users`;

CREATE TABLE `users` (
  `id` int(10) unsigned NOT NULL AUTO_INCREMENT,
  `status` varchar(255) DEFAULT NULL,
  `password` varchar(255) DEFAULT NULL,
  `first_name` varchar(25) NOT NULL,
  `second_name` varchar(25) NOT NULL,
  `access_token` varchar(255) DEFAULT NULL,
  `role` int(11) DEFAULT NULL,
  `created` datetime DEFAULT NULL,
  `modified` datetime DEFAULT NULL,
  `email` varchar(255) NOT NULL,
  `dob` date NOT NULL,
  `address1` varchar(255) NOT NULL,
  `address2` varchar(255) DEFAULT NULL,
  `suburb` varchar(255) NOT NULL,
  `state` varchar(5) NOT NULL,
  `postcode` varchar(255) DEFAULT NULL,
  `businessname` varchar(255) DEFAULT NULL,
  `abn` varchar(255) DEFAULT NULL,
  `fregistertype` varchar(255) DEFAULT NULL,
  `fregisternumber` varchar(255) DEFAULT NULL,
  `phone` varchar(255) NOT NULL,
  `bankstatement_pic` varchar(255) DEFAULT NULL,
  `licence_front` varchar(255) DEFAULT NULL,
  `licence_back` varchar(255) DEFAULT NULL,
  `approved_licence` tinyint(1) NOT NULL DEFAULT '0',
  `approved_freg` tinyint(1) NOT NULL DEFAULT '0',
  `accepted_terms` tinyint(1) NOT NULL,
  `trainer_approved` varchar(255) DEFAULT NULL,
  `clientpic` varchar(255) NOT NULL,
  `gender` varchar(255) NOT NULL,
  `profile_views` int(11) DEFAULT '0',
  `providers_payer_id` int(11) DEFAULT NULL COMMENT 'the payer id in Integra',
  `payment_method_stored` tinyint(1) DEFAULT NULL COMMENT 'If the user has a payment method stored in Integra',
  `visible_times` text,
  PRIMARY KEY (`id`)
) ENGINE=InnoDB AUTO_INCREMENT=158 DEFAULT CHARSET=latin1;

/*Data for the table `users` */

insert  into `users`(`id`,`status`,`password`,`first_name`,`second_name`,`access_token`,`role`,`created`,`modified`,`email`,`dob`,`address1`,`address2`,`suburb`,`state`,`postcode`,`businessname`,`abn`,`fregistertype`,`fregisternumber`,`phone`,`bankstatement_pic`,`licence_front`,`licence_back`,`approved_licence`,`approved_freg`,`accepted_terms`,`trainer_approved`,`clientpic`,`gender`,`profile_views`,`providers_payer_id`,`payment_method_stored`,`visible_times`) values 

(66,'approved','$2a$10$tjGXGKmOHpdxL6v18p4mKOCUJRLiYM9Z6dxOtymlchFkKsx.aJuCO','Peter','Hovell','0424fb250414fbffe427e47225e0c7be',1,'2016-04-27 23:44:39','2016-08-25 16:51:49','join@ifactory.com.au','2016-04-27','yyyy','uuuu','hhhh','qld',NULL,'Elite Physique','2147483647','-1',NULL,'424146635',NULL,NULL,NULL,0,0,1,NULL,'','Male',688,195421,NULL,'{\"time_start\":\"07\",\"time_end\":\"19\",\"days\":{\"Monday\":true,\"Tuesday\":true,\"Wednesday\":true,\"Thursday\":true,\"Friday\":true,\"Saturday\":true,\"Sunday\":true},\"day_width\":12.857142857143}'),

(114,NULL,'$2a$10$1KJ79AZFkvoVGA9Pc2/HSe/BUI5h2F1FbJWVQQlRN3Ha4WAb1uYi6','Musta','Admin','6ed97de5602c451df46633e3b544d5ec',0,'2016-05-04 03:29:59','2016-08-25 16:51:34','support@ifactory.com.au','2016-05-04','N/A','','N/A','qld',NULL,NULL,NULL,NULL,NULL,'0',NULL,NULL,NULL,0,0,1,NULL,'','Male',0,NULL,NULL,NULL),

(118,NULL,'$2a$10$Gf6/eZcawurqeubaudamcePa5PgpT6Cw2w9L9Xv04ENpDdzNP5geu','Nicholas','Jephcott','2fe0f01a0e26d18ac3321fd9039d685e',3,'2016-05-30 11:17:23','2016-08-11 10:40:03','nicholas.jephcott@ifactory.com.au','1988-08-11','97 boundary Street','','West End','qld',NULL,NULL,NULL,NULL,NULL,'38440577',NULL,NULL,NULL,0,0,1,NULL,'','Male',0,194199,NULL,NULL),

(128,'approved','$2a$10$OpHmUTKQvo6GKEPC3/Wjw.23ncuC82.UAn4DuHTL/OndMloc97Gci','Reiss','Hovell','8108951540a883e82610b02a9588c537',1,'2016-06-15 15:54:52','2016-07-13 17:47:30','reiss@yahoo.com','2016-06-15','smith street','','darwin','nt',NULL,'Reiss Training','2147483647','fitness australia','0','7789866',NULL,NULL,NULL,0,0,1,NULL,'','Male',1,NULL,NULL,NULL),

(129,NULL,'$2a$10$jzvWT1Cy3Ct31RxqQGwBk.bHangFfbX9HS9qf27Co/zi23lx9ZIHq','Craig','Nicol','5fabd69c6b1c615044c867db3167a441',2,'2016-06-15 16:02:33','2016-06-17 15:25:55','craig.nicol@5bcomo.com','2016-06-15','12412','12312','1231','qld',NULL,'Hell training','2147483647','fitness australia','12412','0',NULL,NULL,NULL,0,0,1,NULL,'','Male',2,NULL,NULL,NULL),

(130,NULL,'$2a$10$aS3mh1UssyFjjfXPVTOsSuzlC8cWChk7nIHL0HV06C7f1chcb1s5S','lyall','Bauer','f4788c4d771f5dcb1fdcc4acaa737519',3,'2016-06-15 16:38:20','2016-06-20 18:03:30','asdflyall.bauer@ifactory.com.au','2016-06-15','97 boundary street','','brisbane','qld',NULL,NULL,NULL,NULL,NULL,'733190522',NULL,NULL,NULL,0,0,1,NULL,'','Male',0,NULL,NULL,NULL),

(131,NULL,'$2a$10$95oZn0Rl9FRTmMixJdqZKeTh.XWPvOh.EQ5eQWyN5vPVln1y7yR.y','Lyall','Bauer','10db29e4cc725d7ed38bed39b5921c30',3,'2016-06-16 10:37:02','2016-06-16 15:41:55','asdflyall@ifactory.com.au','2016-06-16','97 boundary street','','brisbane','qld',NULL,NULL,NULL,NULL,NULL,'733190522',NULL,NULL,NULL,0,0,1,NULL,'','Male',0,NULL,NULL,NULL),

(132,NULL,'$2a$10$4YCkjRoN.Cqdjeo9ewVO1.94fkDU1AyNAmbVkagXVPT/PZvqODRZe','Lyall','Bauer','7849e06dea40a4b0e2e4ee53dd7a0151',3,'2016-06-16 10:45:55','2016-06-16 10:46:19','asdflyall.bauer@gmail.com','2016-06-16','97 boundary street','','brisbane','qld',NULL,NULL,NULL,NULL,NULL,'733190522',NULL,NULL,NULL,0,0,1,NULL,'','Male',0,NULL,NULL,NULL),

(133,'approved','$2a$10$WRRrN5ncCOp/agAPHhAKVOwXJhpr/qKR7eQs/LqG4NQrAOWiLUmn.','Lyall','Bauer','1d0895468c087383080ee479d7e3850c',1,'2016-06-16 10:53:38','2016-07-13 09:53:29','asdflyall_bauer@hotmail.com','2016-06-16','97 boundary street','','brisbane','qld',NULL,'iFactory','2147483647','-1','234455','733190522',NULL,'','',0,0,1,NULL,'','Male',16,NULL,NULL,NULL),

(134,NULL,'$2a$10$bX9PyT99ZwnKHaIbaU7lj.eGzcFVucZgBZK/.bSH7wmyfjKW9cg.a','Inigo','Montoya','e19c69f7037300ef5a25484f9e08826b',3,'2016-06-16 12:30:59','2016-06-16 12:38:28','me@here.now','2016-06-16','Yes','No','What','tas',NULL,NULL,NULL,NULL,NULL,'0',NULL,NULL,NULL,0,0,1,NULL,'','Male',0,NULL,NULL,NULL),

(135,'approved','$2a$10$huSC7upG3Np.CDbcuGvqkO4IHuwPQelFj5cdlTqWVUCuE3Jqd5fSm','Joe','Trainer','49489139b109dad38318a6f1f162cb1f',1,'2016-06-16 12:48:08','2016-07-13 09:53:24','trainer@trainerjoe.com','2016-06-16','1 Trainer lane','','Trainertown','qld',NULL,'Trainer Joe','2147483647','-1',NULL,'38921111',NULL,NULL,NULL,0,0,1,NULL,'','Female',19,NULL,NULL,NULL),

(136,'approved','$2a$10$FaubXboPix.Py7dsHUvnqOr/duMerJabb0CIV9klGvR7sYM929hpW','Leonardo','Decaprio','1ff3ba0416726ada74f21985c0f5678e',1,'2016-06-16 15:15:08','2016-08-25 17:19:47','typhado@gmail.com','2016-06-16','164 Nyleta Street','','Coopers Plains','qld',NULL,'Decaprio Training','1234567890','physical activity australia','123456','38440577',NULL,'','',0,0,1,NULL,'','Male',75,NULL,NULL,'{\"time_start\":\"07\",\"time_end\":\"18\",\"days\":{\"Monday\":true,\"Tuesday\":true,\"Wednesday\":true,\"Thursday\":true,\"Friday\":true,\"Saturday\":false,\"Sunday\":false},\"day_width\":15}'),

(137,NULL,'$2a$10$i3n9Zf8RXmIAvsvNqKIMW.YnIranqymFyd3C7foXNRpgjHeBIyXD.','Alex','Armstrong','107c8654e39ccd06a495c983dd9250e9',3,'2016-06-21 16:32:57','2016-08-25 17:19:59','typhado@hotmail.com','2016-06-21','95 Boundary Street','','West End','qld',NULL,NULL,NULL,NULL,NULL,'38440577',NULL,NULL,NULL,0,0,1,NULL,'a447e24e0668dc7968c059cb65358810.jpg','Male',0,194751,NULL,NULL),

(138,'unregistered','$2a$10$a7UlKgux.mLJapVAkCQjr.RncD6CpfeHFDNDSr/m541XDljFru.KS','asdf','asdf','3f27e19b77318f55879380dc82c48bba',3,'2016-06-22 00:00:00','2016-06-23 10:20:24','asdf@asdf.com','2016-06-23','asdf','','asdf','qld',NULL,NULL,NULL,NULL,NULL,'asdf',NULL,NULL,NULL,0,0,1,NULL,'','Male',0,NULL,NULL,NULL),

(139,NULL,'$2a$10$uNRHYgjLHVZYEgEvHVbIau/zCFvM9mmXMf4UnNR0A.lAZ6Rjworvq','fdsa','fdsa','1d741bf8822a21f9b5eed05878d9fef9',3,'2016-06-22 18:25:12','2016-06-22 18:26:43','fdsa@fdsa.com','2016-06-22','fdsa','fdsa','fdsa','qld',NULL,NULL,NULL,NULL,NULL,'fdsa',NULL,NULL,NULL,0,0,1,NULL,'','Male',0,NULL,NULL,NULL),

(140,'approved','$2a$10$2mvN3VOENPp4NV5ncD/TEueXM6J7ckjcsmc7xJyTlfagbGYSuphES','Darren','Smith','b0deee61d1da050374607714d4224168',1,'2016-07-07 16:01:13','2016-08-18 17:34:26','abclyall@ifactory.com.au','2016-07-07','97 boundary street','','brisbane','qld',NULL,'DS-Trainer','2147483647','physical activity australia','323525','733190522',NULL,'','',0,0,1,NULL,'','Male',24,NULL,NULL,'{\"time_start\":\"09\",\"time_end\":\"18\",\"days\":{\"Monday\":true,\"Tuesday\":true,\"Wednesday\":true,\"Thursday\":true,\"Friday\":true,\"Saturday\":true,\"Sunday\":true},\"day_width\":12.857142857143}'),

(141,NULL,'$2a$10$eITXFzs1sPhtl3biPLQJPOiR7FmKD6h1/mCA72038ef/G6qqsQ7o.','Lyall','Bauer','026c9a849fbc3a9f5b3a77592defa673',3,'2016-07-07 16:10:36','2016-07-07 20:17:56','abclyall.bauer@ifactory.com.au','2016-07-07','97 boundary street','','brisbane','qld',NULL,NULL,NULL,NULL,NULL,'733190522',NULL,NULL,NULL,0,0,1,NULL,'','Male',0,194863,NULL,NULL),

(142,NULL,'$2a$10$HnxYbSZaLXbz.U47Ru.pFOvYt8xMBlSJVV3MVQGNBERHqt0kKm2zS','Renata','Costeski','814275851ae0fc7232625058803ca2bd',3,'2016-07-07 19:30:21','2016-07-07 19:36:18','abclyall.bauer@gmail.com','2016-07-07','97 boundary street','','brisbane','qld',NULL,NULL,NULL,NULL,NULL,'733190522',NULL,NULL,NULL,0,0,1,NULL,'','Female',0,194876,NULL,NULL),

(143,NULL,'$2a$10$JF9tV2LP2swwvJwbL/re3OQ3KRHLKQGLO.ieh6tnOxRLpGnJuetqi','test','test','15dffaf2b74d99fbc631260ae0626390',1,'2016-07-08 12:04:00','2016-08-25 16:14:33','lyall@ifactory.com.au','2016-07-08','askjbnlkjd','edweef','ewfew','qld',NULL,'d','1234567890','-1','0','567890',NULL,'','7eb6eed64f4c4b04f60c7a594c5dca02.jpg',0,0,1,NULL,'','Male',2,NULL,NULL,'{\"time_start\":\"09\",\"time_end\":\"18\",\"days\":{\"Monday\":true,\"Tuesday\":false,\"Wednesday\":true,\"Thursday\":false,\"Friday\":true,\"Saturday\":false,\"Sunday\":false},\"day_width\":22.5}'),

(144,NULL,'$2a$10$TlqNxxH/hxP9vdjE1LQc9ea6c34.rPDX2YvWPHp/wWQmk2DAI64qu','Lyall','Bauer','8f0b7e8f113f2bccee8d2db7c8e7084e',3,'2016-07-12 16:30:43','2016-08-11 17:42:45','lyall.bauer@ifactory.com.au','2016-07-12','97 boundary street','','brisbane','qld',NULL,NULL,NULL,NULL,NULL,'733190522',NULL,NULL,NULL,0,0,1,NULL,'','Male',0,194999,NULL,NULL),

(145,NULL,'$2a$10$muQyV/caJNG6G2AigsvFCeoyYSg96cdk5x6FTDThsieQCRfPo6W6u','asdf','asdf','fed6ca8314b866c9d0e81be8ba7e66b9',3,'2016-07-13 18:23:08','2016-07-14 12:57:32','asdf@asdfasdf.asdf','2016-07-13','asdf','','asdf','qld',NULL,NULL,NULL,NULL,NULL,'asdf',NULL,NULL,NULL,0,0,1,NULL,'','Male',0,NULL,NULL,NULL),

(146,NULL,'$2a$10$qYgHqYCULafCwBiDikLPk.IzQef8d6p2aXt5FuQj8051r1EMJ9HH2','asdf','asdf','25208169c40f3149aa60d3d60261e9c6',3,'2016-07-14 12:59:54','2016-08-19 14:23:50','asdf@fff.asdf','2016-07-14','ffffff','','asdf','qld',NULL,NULL,NULL,NULL,NULL,'asdf',NULL,NULL,NULL,0,0,1,NULL,'','Male',0,195495,NULL,NULL),

(147,NULL,'$2a$10$LP1OxhSzkZAvY4lMgsH6TOmiLjdPRF6dLYkP5s4vsgWgy8PnnK7..','asdf','asdf',NULL,3,'2016-07-14 13:12:39','2016-07-14 13:12:39','asdf@ffdsa.asdf','2016-07-14','asdf','','asdf','qld',NULL,NULL,NULL,NULL,NULL,'asdf',NULL,NULL,NULL,0,0,0,NULL,'','Male',0,NULL,NULL,NULL),

(148,NULL,'$2a$10$44AJbFC1f4CZg0WiVXAlrer3slbaLSU/rou6ewMtfjQJ4RvjPM8cO','asdf','asdf','2a662f14e60404ba4e7bb91b08481965',3,'2016-07-14 14:42:55','2016-07-14 14:46:10','asdf@aaa1.com','2016-07-14','asdf','','asdf','qld',NULL,NULL,NULL,NULL,NULL,'asdf',NULL,NULL,NULL,0,0,1,NULL,'','Male',0,NULL,NULL,NULL),

(149,NULL,'$2a$10$gQ/zehhiPVZj85dG3TCxSe7/Ddlap8jurH.Xm.7EG7WO.HMwx1f6S','asdf','asdf','d7472974e9cf75fe882fe4cac90c922c',3,'2016-07-14 14:47:01','2016-07-14 14:51:00','asdf@aaa2.com','2016-07-14','asdf','','asdf','qld',NULL,NULL,NULL,NULL,NULL,'asdf',NULL,NULL,NULL,0,0,1,NULL,'','Male',0,NULL,NULL,NULL),

(150,NULL,'$2a$10$og4.Ig5AyyuiSThY5NdjU.6fNfRfKukFoEWNThvxpg5.XkuDz2Fzu','asdf','asdf','1bf80f6e374eb4657ac26e6f943bd67b',3,'2016-07-14 14:52:31','2016-07-14 16:24:02','asdf@aaa3.com','2016-07-14','asdf','','asdf','qld',NULL,NULL,NULL,NULL,NULL,'asdf',NULL,NULL,NULL,0,0,1,NULL,'','Male',0,NULL,NULL,NULL),

(151,NULL,'$2a$10$CyzO6guDhQgtugw0nRjFs.HiysUZttiAlWbV9HuYTm5NoGHbxHW3S','Test','Tester','d667dc5f1a93597dd45e2e10b4d446f6',1,'2016-07-29 10:41:22','2016-08-17 17:09:47','typhado.trainer@hotmail.com','2016-07-29','97 Boundary Street','','West End','qld','4108','iFactory','01234567890','-1',NULL,'38440577','7de540baea7070f6b8268e75bc57b6d2.jpg','d9e29139cfd1e119e5d2dfbe2e0673f6.jpg','87e06f3b620d8b9bf155a272d8dd3854.jpg',0,0,1,NULL,'','Male',0,NULL,NULL,NULL),

(152,NULL,'$2a$10$o6JmdnGBFrJivIdtJoz/f.pdvhOxxfQz/5Q/QZfyKb6Yhc3mV64Aa','Test a','Tester','d1dcb74dec80d819a1c1cdd0b20f9fec',1,'2016-08-19 14:27:22','2016-08-19 14:28:15','typhado1@hotmail.com','2016-08-19','97 Boundary Street','','West End','qld','4108','iFactory','01234567890','physical','0123','38440577',NULL,NULL,NULL,0,0,1,NULL,'','Male',0,NULL,NULL,NULL),

(153,NULL,'$2a$10$xBQ6IKXgGP3U2Mgswy7Ro.E4pLa6LrBJOflMg2ibiaGZQ86F/dJaK','test a','test a',NULL,3,'2016-08-23 16:23:12','2016-08-23 16:23:12','testa@ifactory.com.au','2016-08-23','tester','','test','qld',NULL,NULL,NULL,NULL,NULL,'asdf',NULL,NULL,NULL,0,0,1,NULL,'','Male',0,NULL,NULL,NULL),

(154,NULL,'$2a$10$fLgTUBFT77r/gdBjSBPmAuYHvOtLdfa.JnyVVFXjs.cy/ubKGCkXO','test 2','tester',NULL,3,'2016-08-23 16:44:51','2016-08-23 16:44:51','test2@ifactory.com.au','2016-08-23','test 2','','test','qld',NULL,NULL,NULL,NULL,NULL,'phoney',NULL,NULL,NULL,0,0,1,NULL,'','Other',0,NULL,NULL,NULL),

(155,NULL,'$2a$10$tfNRJbFoPGQeYEbAE6KSeuIJTdjtwsva6Aq.iGMuvY.i9gMqFURxG','test 3','test',NULL,3,'2016-08-23 17:50:56','2016-08-23 17:50:56','test3@ifactory.com.au','2016-08-23','test','test','test','qld',NULL,NULL,NULL,NULL,NULL,'test',NULL,NULL,NULL,0,0,1,NULL,'','Other',0,NULL,NULL,NULL),

(156,NULL,'$2a$10$uKNzk7NOuL27TMsR2fGaTeZiW4y39152S5.OSPrASMiOMU.o7iTn2','test 4','test',NULL,3,'2016-08-23 17:52:58','2016-08-23 17:52:58','test4@ifactory.com.au','2016-08-23','test','test','test','qld',NULL,NULL,NULL,NULL,NULL,'test',NULL,NULL,NULL,0,0,1,NULL,'','Female',0,NULL,NULL,NULL),

(157,NULL,'$2a$10$QE6MQfsVpjtme5S/eFF4UOW2wyA11M//KCTTICSwhurGldU7foZkO','test 5','test','5d3ac1fa75817836185b394cb6e123c6',3,'2016-08-23 17:55:30','2016-08-23 17:55:30','test5@ifactory.com.au','2016-08-23','test','test','test','qld','',NULL,NULL,NULL,NULL,'test',NULL,NULL,NULL,0,0,1,NULL,'','Male',0,NULL,NULL,NULL);

/*!40101 SET SQL_MODE=@OLD_SQL_MODE */;
/*!40014 SET FOREIGN_KEY_CHECKS=@OLD_FOREIGN_KEY_CHECKS */;
/*!40014 SET UNIQUE_CHECKS=@OLD_UNIQUE_CHECKS */;
/*!40111 SET SQL_NOTES=@OLD_SQL_NOTES */;
